Q	label
헬로우	3
헬로	3
안부 인사드립니다.	3
먼저 인사하려고 했는데 짝남이 먼저 인사해줬어. 더 떨렸겠어요.	3
먼저 인사할까 했는데 짝녀가 먼저 인사해줬어. 기분 좋았겠네요.	3
각자 집에 인사드리러 가 제가 더 떨리네요.	3
이별의 마무리 가벼운 안부 인사일 거예요.	3
용기내서 새해인사 했네 이제 연락하지 마세요.	3
오늘 마지막 인사를 하러가네 미련없길 바랄게요.	3
오늘 마지막 인사하러 갑니다. 미련없이 정리했긴 바랍니다.	3
내 마음에 마지막 인사 마음이랑 잘 인사해요.	3
먼저 잘게 잘자 안녕히 주무세요.	3
진짜 이제 안녕 맘고생 많았어요.	3
잘가 안녕.	3
이제 진짜 안녕!! 안녕!	3
안뇽	3
이젠 진짜 진짜 안녕 맘 고생 많았어요.	3
안녕을 고하며 잘 보내주었나요.	3
안녕하세 안녕하세요.	3
안녕하세요	3
반가워요	3
반가반가	3
방가방가	3
하이	3
안녕	3
좋은 아침이야	3
진짜 반갑다	3
요즘 어떻게 지냈어요?	3
잘 지냈습니까?	3
잘지내지?	3
만나서 반가워요	3
만나서 반갑습니다	3
하이루	3
반갑	3
잘지냈어요?	3
잘지냈어?	3
나 먼저 잘게 안녕히 주무세요.	3
안녕히 주무세요.	3
안녕 안녕하세요.	3
안녕안녕 안녕하세요.	3
안녕하세요 안녕하세요.	3
안뇽 안녕하세요.	3
ㅎㅇ	3
ㅎㅇㅎㅇ	3
hi	3
Hi	3
안뇨오오오옹	3
히사시부리	3
만반잘부	3
만반	3
안녀엉	3
하이용	3
하이이	3
반갑습니다	3
반갑다네	3
히읗이응	3
안녕쓰	3
하이쓰	3
하이다요	3
안녕화살법	3
안녕하신가	3
안녕하니	3
반갑니	3
만나서 반가워요 잘 부탁드려요	3
만나서 방가방가	3
ㅎㅇ안녕	3
ㅎㅇㅎㅇ안녕	3
안녕하세요 주문하고싶은데요	3
안녕 주문좀	3
포장	0
ㅍㅈ	0
싸이버거 포장	0
포장해주세요	0
포장주문이요	0
포장 부탁	0
포장해줄래?	0
포장원해요	0
포장 주문 받아줘	0
포장 가능?	0
싸이버거 포장 주문	0
싸이 1개 포장	0
싸이 포장할래	0
싸이버거 포장 부탁	0
싸이버거 포오오오오장 	0
싸이버거 포장 한다	0
포장 싸이버거 한개	0
싸이버거 1개 포장해주세요	0
햄버거 포장이요	0
포장이요	0
포장 부탁쓰	0
포장 플리즈	0
포장해서 줘	0
포장 가능한가요?	0
싸이 포장 주문	0
싸이 포장할게	0
포장해갈게	0
찾으러갈게	0
포장해서 준비해주세요	0
싸이버거 매장으로 찾으러 갈게요	0
매장으로 찾으러 감	0
찾으러 감	0
찾아감	0
찾아갈거야	0
매장으로 찾으러 갈거야	0
싸이버거 찾으러 갈게요	0
직접 가져갈게요	0
가지러 갈게요	0
가질러가요	0
테이크 아웃 	0
테이크 아웃으로 준비 해주세요	0
테잌 아웃 해갈게요	0
싸이버거 테이크 아웃	0
싸이버거 가지러 감	0
싸이버거 방문 수령	0
수령하러 갈게요	0
수령	0
수령할거야	0
싸이버거 수령하러 감	0
수령 주문 가능?	0
방문 주문 가능?	0
테이크 아웃 주문 가능?	0
테이크 아웃 가능?	0
테이크아웃 하고 싶어요	0
방문 포장 하고싶어요	0
찾으러 가고 싶어요	0
가지러 가고 싶어요	0
가지러가는  가능한가요?	0
가지러 가고 싶은데 가능?	0
포장 주문 가능한가요?	0
찾으러 갈게요 빨리 준비해주세요	0
가지러 갈게요 빨리 준비해주세요	0
가지러 갈건데 금방 가요	0
받으러 갈게요	0
싸이버거 1개 받으러 갈게요	0
딥치즈버거 찾으러 갈게요	0
딥치즈 받으러 감	0
딥치즈 테이크 아웃 	0
테이크 아웃 딥치즈 1개	0
딥치즈 방문 포장 	0
방문해서 찾아 갈래요	0
딥치즈 수령하러 갈게요	0
수령 주문 	0
수령한다	0
받으러 간다	0
받아갈거야	0
받음	0
포장할거야	0
포장으로 부탁	0
딥치즈 포장 주문	0
딥치즈 포장해갈게	0
딥치즈 포장으로 부탁해	0
딥치즈버거 테이크 아웃	0
테이크아웃 할건데 딥치즈한개	0
딥치즈한개 찾으러 갈게요	0
찾을거에요	0
직접 가서 받을게요	0
직접 갈건데 싸이버거 한개 준비해주세요	0
테이크 아웃 할건데 싸이버거 두개 준비해주세요	0
포장 주문이고 싸이버거 세개요	0
포장으로 	0
매장으로 테이크 아웃이요	0
매장으로 테이크 아웃	0
12시까지 준비해주세요	0
한시까지 준비해주세요	0
한시가지 찾으러 갈게요	0
한시까지 받으러 갈게요	0
열두시까지 갈게요	0
내일까지 찾으러 갈게요	0
내일까지 방문할게요	0
내일 방문함	0
내일 찾으러 감	0
오늘 찾으러 감	0
오늘 수령하러 가요	0
오늘 받으러 갈게요	0
오늘 테이크 아웃 할거에요	0
오늘 포장해 갈게요	0
오늘 포장할 거에요	0
오늘 포장 주문이요	0
내일 포장 주문인데요	0
내일 포장 가능한가요?	0
이따 찾으러 갈게요	0
이따 방문할게요	0
이따가 방문할건데요	0
이따가 포장해갈건데요	0
이따가 포장 주문	0
이따 테이크 아웃할게요	0
싸이버거 한개 이따 찾으러 갈게요	0
싸이버거 한개 테이크 아웃 할게요	0
딥치즈버거 두개 방문해서 찾아갈게요	0
이따가 가지러 갈게요	0
이따 가지러 감	0
내일꺼 포장해주세요	0
내일 찾으러 갈게요	0
싸이버거 포장해주세요	0
포장으로 싸이버거 1	0
포장 싸이버거 두개	0
싸이버거 두개 포장해주삼	0
포장해주삼	0
포장 부탁 드립니다.	0
포장해서 주세요	0
가지러 가게 포장해주세요	0
가지러 갈거니까 포장으로 해주세요	0
포장 주문 받아줘	0
방문할게요	0
방문 주문이요	0
싸이버거 두개 방문 주문	0
방문	0
딥치즈버거 한개 방문할게요	0
2시까지 준비해주세요	0
2시까지 방문할게요	0
직접 방문할게요	0
방문할건데요 두시까지 준비해주세요	0
딥치즈버거 방문 주문	0
3시까지 테이크 아웃 가능?	0
3시까지 테이크 아웃 가능한가요?	0
3시까지 찾으러 가도 될까요?	0
내일까지 방문해도 될까요?	0
이따 방문해도 될까요?	0
이따 찾으러 가도 되나요?	0
찾으러 가도 되나요?	0
방문해도 되나요?	0
포장 방문 되나요?	0
테이크 아웃해도 될까요?	0
찾으러 가도 괜찮을까요?	0
포장 문의하고 드립니다	0
포장 주문 받아줘	0
방문 주문 받아줘	0
테이크아웃 주문 받아줘	0
포장 ㄱㄱ	0
포장으로 ㄱ	0
포장으로 ㄱㄱ	0
방문 ㄱㄱ	0
테이크아웃ㄱㄱ	0
포장하고파	0
포장할꾸야	0
포장해갈꾸여	0
찾으러 갈꾸야	0
방문할꾸야	0
포장 선택	0
포장으로 선택	0
방문으로 선택	0
방문 선택	0
방문한다!	0
포장한다!	0
포장으로 한다!	0
찾으러 간다!	0
테이크아웃 할거다!	0
싸이버거 준비해줘!	0
딥치즈버거 포장해줘!	0
포장해줘	0
가지러 감	0
가지러 갈거에요	0
싸이버거 한개 가지러 갈게요	0
딥치즈버거 가지러 갈게요	0
딥치즈 가질러 감	0
가질러 가요	0
가질러 갈게요	0
16시까지 테이크아웃 할래요	0
저.. 통새우버거 한개 포장하고 싶은데요	0
화이트갈릭버거 한개 포장이요!!	0
화이트갈릭버거 한개 포장하고 싶어요	0
싸이버거 1개 받으러 이따 갈게요	0
인크레더블버거 한개 통새우버거 두개 포장이요	0
인크레더블버거 한개 포장하고 싶어서요	0
인크레더블버거 1개 포장해주세요	0
통새우버거 한개 포장할래요	0
싸이버거 한개 인크레더블버거 한개 포장이요	0
이따 찾으러 갈게요!!	0
싸이버거 한개 이따가 받으러 갈게요	0
통새우버거 한개 포장하고 싶어요	0
통새우버거 한개 인크레더블버거 두개 포장이요	0
인크레더블버거 1개 이따 찾으러 갈게요	0
딥치즈버거 한개 화이트갈릭버거 한개 포장이요	0
통새우버거 한개 받으러 이따 가져갈게요	0
통새우버거 1개 포장할래요!!	0
테이크아웃할게요	0
딥치즈버거 한개 포장 방문할게요	0
화이트갈릭버거 1개 이따 찾으러 갈게요!!	0
싸이버거 한개 가져갈게요	0
딥치즈버거 1개 가지러갈래요	0
싸이버거 1개 포장할래요	0
화이트갈릭버거 1개 포장하고 싶어요	0
네시까지 테이크아웃 가능한가요?	0
화이트갈릭버거 1개 포장 방문할게요	0
통새우버거 1개 화이트갈릭버거 1개 포장이요	0
통새우버거 1개 포장 가능한가요?	0
이따가 받으러 갈게요	0
가지러 갈게요!!	0
인크레더블버거 한개 이따가 가지러 갈게요	0
통새우버거 1개 태이크아웃할게요	0
인크레더블버거 한개 이따가 받으러 갈게요	0
테이크아웃 할래요!!	0
딥치즈버거 한개 인크레더블버거 한개 포장이요	0
9시까지 갈게요	0
딥치즈버거 한개 이따가 찾으러 갈게요	0
인크레더블버거 한개 포장해주세요	0
통새우버거 1개 이따 가지러 갈게요	0
화이트갈릭버거 1개 통새우버거 1개 포장이요	0
통새우버거 한개 포장하겠습니다	0
딥치즈버거 1개 포장하고 싶어서요!!	0
여덟시까지 가면 될까요?	0
화이트갈릭버거 1개 받으러 이따 가져갈게요!!	0
싸이버거 1개 이따가 받으러 갈게요	0
인크레더블버거 한개 포장 방문할게요	0
인크레더블버거 한개 이따 갈게요!!	0
1시까지 테이크아웃 가능한가요?	0
인크레더블버거 1개 찾으러 갈게요!!	0
싸이버거 한개 포장하고 싶어요	0
딥치즈버거 1개 이따가 가져갈게요	0
싸이버거 한개 이따가 가져갈게요	0
통새우버거 한개 포장이요!!	0
딥치즈버거 한개 포장이요!!	0
인크레더블버거 한개 테이크아웃 할래요!!	0
두시까지 테이크아웃 할래요	0
딥치즈버거 한개 방문 포장할게요	0
싸이버거 1개 가지러갈래요!!	0
싸이버거 한개 가지러 갈게요!!	0
화이트갈릭버거 1개 주문	0
20시까지 준비해주세요	0
18시까지 테이크아웃 할래요	0
통새우버거 1개 포장으로 선택	0
딥치즈버거 1개 포장	0
인크레더블버거 한개 싸이버거 한개 포장이요	0
인크레더블버거 1개 포장부탁드립니다	0
싸이버거 한개 이따 찾으러 갈게요	0
인크레더블버거 한개 포장하고 싶어요	0
딥치즈버거 한개 받으러 이따 가져갈게요!!	0
인크레더블버거 1개 가져갈게요!!	0
화이트갈릭버거 1개 가지러 갈게요!!	0
싸이버거 한개 테이크아웃 할래요	0
통새우버거 1개 포장이요!!	0
싸이버거 한개 이따 갈게요	0
열한시까지 테이크아웃 할래요	0
인크레더블버거 1개 포장하고 싶어서요	0
인크레더블버거 1개 가지러 갈게요!!	0
저.. 인크레더블버거 한개 포장하고 싶은데요	0
화이트갈릭버거 한개 태이크아웃할게요	0
이따 가지러 갈게요	0
화이트갈릭버거 한개 받으러 이따 가져갈게요!!	0
인크레더블버거 한개 포장이요!!	0
13시까지 테이크아웃 할래요	0
17시까지 테이크아웃 할래요	0
딥치즈버거 한개 이따 가지러 갈게요	0
통새우버거 한개 포장할게요!!	0
여덟시까지 준비해주세요	0
화이트갈릭버거 1개 가져갈게요!!	0
4시까지 테이크아웃 가능한가요?	0
23시까지 갈게요	0
화이트갈릭버거 1개 가지러갈래요!!	0
아홉까지 준비해주세요	0
화이트갈릭버거 한개 포장할게요	0
싸이버거 1개 딥치즈버거2개 포장이요	0
싸이버거 한개 이따 받으러 갈게요	0
통새우버거 1개 테이크아웃 할래요!!	0
통새우버거 1개 딥치즈버거 1개 포장이요	0
통새우버거 한개 가지러 갈게요	0
화이트갈릭버거 한개 인크레더블버거 한개 포장이요	0
인크레더블버거 1개 테이크아웃 하겠습니다	0
화이트갈릭버거 한개 찾으러 갈게요	0
찾으러 갈게요	0
17시까지 테이크아웃 가능한가요?	0
인크레더블버거 한개 포장 가능한가요?	0
인크레더블버거 한개 통새우버거 한개 포장이요	0
통새우버거 1개 인크레더블버거 1개 포장이요	0
화이트갈릭버거 한개 이따 받으러 갈게요	0
딥치즈버거 한개 이따가 찾으러 갈게요	0
인크레더블버거 1개 딥치즈버거 1개 포장이요	0
통새우버거 한개 받으러 이따 갈게요!!	0
화이트갈릭버거 한개 이따 찾으러 갈게요	0
6시까지 가면 될까요?	0
통새우버거 한개 주문할게요	0
싸이버거 한개 이따 받으러 갈게요!!	0
통새우버거 한개 가지러갈래요	0
인크레더블버거 1개 이따가 받으러 갈게요	0
딥치즈버거 한개 이따가 받으러 갈게요	0
통새우버거 1개 이따가 찾으러 갈게요	0
이따 받으러 갈게요	0
4시까지 갈게요	0
싸이버거 1개 포장할래요!!	0
인크레더블버거 1개 화이트갈릭버거 2개 포장이요	0
통새우버거 1개 포장할래요	0
싸이버거 1개 포장할게요	0
화이트갈릭버거 한개 가지러갈래요	0
싸이버거 1개 이따 받으러 갈게요!!	0
22시까지 준비해주세요	0
17시까지 갈게요	0
화이트갈릭버거 한개 이따가 찾으러 갈게요	0
통새우버거 1개 싸이버거 1개 포장이요	0
통새우버거 한개 테이크아웃할게요	0
통새우버거 1개 이따 찾으러 갈게요!!	0
딥치즈버거 한개 받으러 이따 갈게요	0
딥치즈버거 한개 이따 갈게요!!	0
싸이버거 한개 인크레더블버거 두개 포장이요	0
16시까지 가면 될까요?	0
14시까지 준비해주세요	0
화이트갈릭버거 1개 받으러 갈게요!!	0
화이트갈릭버거 한개 포장하겠습니다	0
화이트갈릭버거 1개 테이크아웃 하겠습니다!!	0
딥치즈버거 한개 포장하고 싶어요	0
싸이버거 한개 포장으로 선택	0
포장해주세요	0
통새우버거 한개 찾으러 갈게요	0
통새우버거 한개 이따 갈래요!!	0
인크레더블버거 한개 이따 가져갈게요	0
3시까지 갈게요	0
화이트갈릭버거 한개 포장으로 선택	0
1시까지 테이크아웃 할래요	0
싸이버거 1개 이따 가지러 갈게요	0
인크레더블버거 1개 가지러 갈게요	0
21시까지 준비해주세요	0
딥치즈버거 1개 싸이버거 2개 포장이요	0
싸이버거 한개 화이트갈릭버거 두개 포장이요	0
싸이버거 한개 이따 갈래요	0
20시까지 갈게요	0
인크레더블버거 1개 주문할게요	0
통새우버거 한개 이따가 받으러 갈게요	0
인크레더블버거 1개 이따 가져갈게요	0
열한시까지 테이크아웃 가능한가요?	0
딥치즈버거 1개 가져갈게요!!	0
화이트갈릭버거 한개 포장할래요	0
싸이버거 한개 딥치즈버거 한개 포장이요	0
통새우버거 한개 가지러갈래요!!	0
통새우버거 1개 포장하겠습니다	0
통새우버거 1개 받으러 이따 갈게요	0
화이트갈릭버거 한개 가지러 갈게요	0
통새우버거 한개 딥치즈버거 한개 포장이요 	0
싸이버거 1개 딥치즈버거 1개 포장이요	0
딥치즈버거 1개 포장하고 싶어요!!	0
화이트갈릭버거 한개 통새우버거 한개 포장이요	0
딥치즈버거 1개 테이크아웃 하겠습니다!!	0
싸이버거 1개 화이트갈릭버거 1개 포장이요	0
21시까지 테이크아웃 할래요	0
딥치즈버거 한개 포장 방문할게요!!	0
화이트갈릭버거 한개 요청할게요	0
통새우버거 한개 이따 갈게요!!	0
인크레더블버거 1개 이따 받으러가겠습니다	0
화이트갈릭버거 1개 딥치즈버거 1개 포장이요	0
통새우버거 1개 인크레더블버거 2개 포장이요	0
화이트갈릭버거 1개 주문할게요	0
딥치즈버거 한개 포장할게요	0
싸이버거 1개 이따 갈게요!!	0
다섯시까지 준비해주세요	0
딥치즈버거 한개 이따가 가지러 갈게요	0
딥치즈버거 1개 요청할게요	0
5시까지 준비해주세요	0
딥치즈버거 1개 찾으러 갈게요	0
인크레더블버거 1개 포장하고 싶어서요!!	0
딥치즈버거 1개 포장이요!!	0
화이트갈릭버거 한개 포장	0
딥치즈버거 1개 가지러갈래요!!	0
싸이버거 1개 통새우버거 1개 포장이요	0
통새우버거 1개 포장하고 싶어요	0
화이트갈릭버거 한개 주문	0
화이트갈릭버거 1개 이따가 받으러 갈게요	0
인크레더블버거 1개 테이크아웃 할게요	0
1시까지 가면 될까요?	0
딥치즈버거 한개 테이크아웃 하겠습니다!!	0
인크레더블버거 1개 방문 포장할게요	0
한시까지 갈게요	0
두시까지 갈게요	0
저.. 화이트갈릭버거 한개 포장하고 싶은데요	0
화이트갈릭버거 한개 가지러갈래요!!	0
화이트갈릭버거 1개 싸이버거 1개 포장이요	0
싸이버거 1개 포장하고 싶어서요	0
6시까지 갈게요	0
통새우버거 한개 받으러 이따 가져갈게요!!	0
싸이버거 한개 이따 찾으러 갈게요!!	0
화이트갈릭버거 1개 이따가 찾으러 갈게요	0
12시까지 테이크아웃 가능한가요?	0
5시까지 가면 될까요?	0
통새우버거 1개 포장할게요	0
통새우버거 1개 포장부탁드립니다	0
싸이버거 1개 포장하겠습니다	0
싸이버거 1개 이따 찾으러 갈게요!!	0
딥치즈버거 1개 포장하고 싶어요	0
싸이버거 한개 이따가 찾으러 갈게요	0
싸이버거 한개 가져갈게요!!	0
딥치즈버거 1개 찾으러 갈게요!!	0
딥치즈버거 1개 이따 가지러 갈게요	0
인크레더블버거 한개 포장하겠습니다	0
딥치즈버거 한개 테이크아웃 할래요	0
인크레더블버거 한개 포장할게요	0
13시까지 테이크아웃 가능한가요?	0
인크레더블버거 1개 포장 가능한가요?	0
10시까지 준비해주세요	0
화이트갈릭버거 1개 찾으러 갈게요	0
이따 갈게요!!	0
통새우버거 한개 이따가 받으러 갈게요	0
인크레더블버거 1개 통새우버거 1개 포장이요	0
싸이버거 1개 포장 방문할게요!!	0
23시까지 준비해주세요	0
다섯시까지 갈게요	0
통새우버거 한개 이따가 찾으러 갈게요	0
딥치즈버거 한개 화이트갈릭버거 두개 포장이요	0
딥치즈버거 한개 요청	0
인크레더블버거 한개 이따가 가져갈게요	0
인크레더블버거 1개 이따 받으러 갈게요	0
딥치즈버거 1개 통새우버거 1개 포장이요	0
딥치즈버거 한개 포장할래요	0
포장하고 싶어요	0
통새우버거 1개 딥치즈버거 1개 포장이요 	0
통새우버거 1개 이따 갈래요!!	0
22시까지 갈게요	0
인크레더블버거 1개 포장할건데요	0
화이트갈릭버거 1개 싸이버거 2개 포장이요	0
화이트갈릭버거 한개 테이크아웃 할래요	0
화이트갈릭버거 1개 포장할래요!!	0
통새우버거 한개 싸이버거 한개 포장이요	0
싸이버거 한개 화이트갈릭버거 한개 포장이요	0
통새우버거 한개 화이트갈릭버거 한개 포장이요	0
통새우버거 1개 주문할게요	0
딥치즈버거 1개 이따 찾으러 갈게요!!	0
14시까지 테이크아웃 가능한가요?	0
딥치즈버거 한개 이따 갈래요!!	0
통새우버거 한개 이따 찾으러 갈게요	0
아홉까지 갈게요	0
3시까지 테이크아웃 가능한가요?	0
인크레더블버거 한개 이따가 받으러 갈게요	0
싸이버거 한개 테이크아웃 할게요	0
싸이버거 1개 요청	0
방문 포장할게요!!	0
8시까지 테이크아웃 할래요	0
화이트갈릭버거 1개 포장하고 싶어요!!	0
인크레더블버거 1개 포장하겠습니다	0
아홉까지 테이크아웃 할래요	0
싸이버거 한개 받으러 이따 갈게요!!	0
한시까지 준비해주세요	0
화이트갈릭버거 1개 방문 포장할게요!!	0
가져갈게요	0
인크레더블버거 1개 딥치즈버거 1개 포장이요	0
싸이버거 한개 포장할게요	0
화이트갈릭버거 한개 이따 갈게요!!	0
테이크아웃 하겠습니다	0
딥치즈버거 1개 포장으로 선택	0
이따 갈게요	0
통새우버거 1개 주문	0
테이크아웃 할게요	0
화이트갈릭버거 1개 이따 찾으러 갈게요	0
인크레더블버거 한개 요청할게요	0
딥치즈버거 1개 이따 받으러 갈게요!!	0
네시까지 테이크아웃 할래요	0
인크레더블버거 한개 포장 방문할게요!!	0
인크레더블버거 한개 포장하고 싶어요!!	0
두시까지 준비해주세요	0
2시까지 가면 될까요?	0
싸이버거 1개 가지러 갈게요!!	0
16시까지 갈게요	0
딥치즈버거 1개 포장부탁드립니다	0
열두시까지 갈게요	0
딥치즈버거 한개 이따 찾으러 갈게요	0
22시까지 테이크아웃 할래요	0
인크레더블버거 1개 통새우버거 2개 포장이요	0
화이트갈릭버거 1개 포장할래요	0
인크레더블버거 1개 받으러 이따 갈게요	0
인크레더블버거 1개 포장	0
통새우버거 한개 이따 받으러 갈게요!!	0
일곱시까지 가면 될까요?	0
포장하고 싶어요!!	0
20시까지 테이크아웃 가능한가요?	0
싸이버거 1개 화이트갈릭버거 2개 포장이요	0
딥치즈버거 한개 테이크아웃할게요	0
여섯시까지 테이크아웃 가능한가요?	0
21시까지 테이크아웃 가능한가요?	0
통새우버거 한개 이따 받으러 갈게요	0
화이트갈릭버거 한개 이따 찾으러 갈게요!!	0
통새우버거 1개 포장하고 싶어서요!!	0
통새우버거 한개 포장할래요!!	0
통새우버거 1개 요청	0
통새우버거 한개 이따 갈게요	0
세시까지 테이크아웃 할래요	0
인크레더블버거 1개 포장이요	0
싸이버거 한개 인크레더블버거 한개 포장이요	0
싸이버거 1개 테이크아웃 할래요!!	0
인크레더블버거 1개 이따 갈게요!!	0
싸이버거 1개 이따 갈래요!!	0
통새우버거 한개 이따 가져갈게요	0
인크레더블버거 한개 받으러 갈게요	0
딥치즈버거 한개 싸이버거 한개 포장이요	0
통새우버거 한개 포장하고 싶어서요	0
3시까지 가면 될까요?	0
화이트갈릭버거 한개 포장할건데요	0
통새우버거 1개 이따가 찾으러 갈게요	0
화이트갈릭버거 한개 받으러 갈게요	0
인크레더블버거 1개 테이크아웃 하겠습니다!!	0
인크레더블버거 1개 포장할게요!!	0
통새우버거 1개 화이트갈릭버거 2개 포장이요	0
화이트갈릭버거 한개 포장할래요!!	0
받으러 갈게요!!	0
화이트갈릭버거 1개 테이크아웃 할게요	0
인크레더블버거 한개 딥치즈버거 한개 포장이요	0
통새우버거 1개 포장	0
인크레더블버거 1개 이따가 가져갈게요	0
19시까지 테이크아웃 가능한가요?	0
8시까지 갈게요	0
화이트갈릭버거 한개 테이크아웃 할래요!!	0
싸이버거 한개 통새우버거 한개 포장이요	0
11시까지 가면 될까요?	0
24시까지 테이크아웃 할래요	0
저.. 딥치즈버거 한개 포장하고 싶은데요	0
화이트갈릭버거 1개 포장으로 선택	0
12시까지 가면 될까요?	0
딥치즈버거 1개 포장 방문할게요!!	0
싸이버거 1개 포장부탁드립니다	0
딥치즈버거 한개 이따가 가지러 갈게요	0
딥치즈버거 1개 이따 받으러 갈게요	0
일곱시까지 갈게요	0
딥치즈버거 한개 테이크아웃 할래요!!	0
딥치즈버거 1개 포장할게요	0
통새우버거 1개 테이크아웃할게요	0
싸이버거 1개 인크레더블버거 1개 포장이요	0
통새우버거 한개 주문	0
싸이버거 1개 테이크아웃 할래요	0
딥치즈버거 한개 찾으러 갈게요	0
통새우버거 1개 받으러 이따 갈게요!!	0
딥치즈버거 한개 받으러 갈게요	0
11시까지 테이크아웃 가능한가요?	0
통새우버거 1개 포장할게요!!	0
세시까지 준비해주세요	0
12시까지 테이크아웃 할래요	0
딥치즈버거 1개 이따 갈게요	0
화이트갈릭버거 한개 받으러 이따 가져갈게요	0
싸이버거 한개 포장 방문할게요!!	0
딥치즈버거 1개 싸이버거 1개 포장이요	0
여섯시까지 가면 될까요?	0
통새우버거 한개 화이트갈릭버거 두개 포장이요	0
싸이버거 1개 받으러 이따 가져갈게요!!	0
15시까지 테이크아웃 할래요	0
7시까지 갈게요	0
화이트갈릭버거 1개 인크레더블버거 1개 포장이요	0
인크레더블버거 한개 방문 포장할게요!!	0
인크레더블버거 한개 받으러 이따 가져갈게요	0
포장할게요!!	0
포장으로 선택	0
19시까지 준비해주세요	0
딥치즈버거 한개 이따 가져갈게요	0
18시까지 테이크아웃 가능한가요?	0
딥치즈버거 1개 받으러 이따 가져갈게요	0
인크레더블버거 한개 가져갈게요!!	0
싸이버거 한개 이따 가져갈게요	0
통새우버거 한개 이따가 찾으러 갈게요	0
열한시까지 갈게요	0
인크레더블버거 한개 딥치즈버거 한개 포장이요	0
인크레더블버거 1개 이따 찾으러 갈게요!!	0
통새우버거 1개 찾으러 갈게요!!	0
딥치즈버거 한개 받으러 이따 가져갈게요	0
일곱시까지 테이크아웃 가능한가요?	0
인크레더블버거 1개 방문 포장할게요!!	0
싸이버거 1개 요청	0
열시까지 가면 될까요?	0
인크레더블버거 1개 이따 가지러 갈게요	0
여섯시까지 준비해주세요	0
딥치즈버거 1개 이따가 받으러 갈게요	0
저.. 싸이버거 1개 포장하고 싶은데요	0
딥치즈버거 1개 통새우버거 2개 포장이요	0
인크레더블버거 1개 화이트갈릭버거 1개 포장이요	0
23시까지 테이크아웃 할래요	0
통새우버거 한개 이따 가지러 갈게요	0
화이트갈릭버거 한개 포장이요	0
딥치즈버거 한개 가지러 갈게요	0
싸이버거 한개 이따 받으러 갈게요	0
딥치즈버거 1개 이따 찾으러 갈게요	0
싸이버거 한개 방문 포장할게요!!	0
20시까지 테이크아웃 할래요	0
열시까지 준비해주세요	0
딥치즈버거 한개 가지러 갈게요!!	0
화이트갈릭버거 한개 이따가 받으러 갈게요	0
화이트갈릭버거 1개 이따가 가지러 갈게요	0
딥치즈버거 한개 가져갈게요!!	0
싸이버거 1개 인크레더블버거 2개 포장이요	0
여덟시까지 테이크아웃 가능한가요?	0
포장 방문할게요	0
10시까지 테이크아웃 할래요	0
4시까지 가면 될까요?	0
화이트갈릭버거 1개 이따 가져갈게요	0
15시까지 갈게요	0
싸이버거 1개 포장하고 싶어서요!!	0
싸이버거 1개 방문 포장할게요	0
다섯시까지 가면 될까요?	0
인크레더블버거 한개 받으러 이따 가져갈게요!!	0
싸이버거 한개 찾으러 갈게요	0
싸이버거 한개 이따 갈래요!!	0
포장하고 싶어서요!!	0
다섯시까지 테이크아웃 가능한가요?	0
통새우버거 1개 가지러갈래요	0
딥치즈버거 1개 인크레더블버거 1개 포장이요	0
화이트갈릭버거 한개 통새우버거 두개 포장이요	0
통새우버거 한개 인크레더블버거 한개 포장이요	0
싸이버거 1개 포장으로 선택	0
통새우버거 1개 이따가 가져갈게요	0
딥치즈버거 한개 포장할게요!!	0
24시까지 테이크아웃 가능한가요?	0
인크레더블버거 1개 화이트갈릭버거 1개 포장이요	0
딥치즈버거 한개 태이크아웃할게요	0
화이트갈릭버거 1개 방문 포장할게요	0
화이트갈릭버거 한개 방문 포장할게요	0
1시까지 준비해주세요	0
일곱시까지 테이크아웃 할래요	0
싸이버거 1개 찾으러 갈게요	0
통새우버거 1개 가져갈게요	0
16시까지 테이크아웃 가능한가요?	0
통새우버거 한개 싸이버거 두개 포장이요	0
인크레더블버거 1개 이따가 가져갈게요	0
통새우버거 한개 이따가 가지러 갈게요	0
네시까지 가면 될까요?	0
포장 방문할게요!!	0
화이트갈릭버거 1개 이따 받으러가겠습니다	0
딥치즈버거 1개 주문할게요	0
싸이버거 한개 포장	0
통새우버거 1개 가지러 갈게요!!	0
싸이버거 1개 포장할건데요	0
2시까지 테이크아웃 할래요	0
딥치즈버거 1개 이따가 찾으러 갈게요	0
싸이버거 1개 이따가 찾으러 갈게요	0
싸이버거 한개 가지러갈래요!!	0
통새우버거 1개 테이크아웃 할래요	0
딥치즈버거 한개 포장하고 싶어요!!	0
인크레더블버거 1개 받으러 갈게요!!	0
인크레더블버거 한개 화이트갈릭버거 한개 포장이요	0
인크레더블버거 한개 받으러 갈게요!!	0
딥치즈버거 한개 이따 받으러가겠습니다	0
포장 가능한가요?	0
딥치즈버거 한개 포장할게요	0
싸이버거 1개 포장	0
딥치즈버거 한개 이따 찾으러 갈게요	0
화이트갈릭버거 1개 이따가 가지러 갈게요	0
딥치즈버거 1개 포장할게요!!	0
화이트갈릭버거 1개 테이크아웃 할래요	0
인크레더블버거 한개 포장할건데요	0
싸이버거 1개 테이크아웃 하겠습니다!!	0
인크레더블버거 한개 포장할게요	0
딥치즈버거 1개 요청	0
인크레더블버거 1개 테이크아웃 할래요	0
이따 갈래요!!	0
화이트갈릭버거 1개 요청	0
딥치즈버거 1개 주문	0
통새우버거 한개 요청할게요	0
인크레더블버거 1개 태이크아웃할게요	0
인크레더블버거 한개 받으러 이따 갈게요!!	0
싸이버거 한개 이따가 가져갈게요	0
열두시까지 가면 될까요?	0
싸이버거 한개 받으러 이따 가져갈게요	0
화이트갈릭버거 한개 인크레더블버거두개 포장이요	0
화이트갈릭버거 한개 주문할게요	0
통새우버거 한개 포장으로 선택	0
인크레더블버거 한개 주문	0
6시까지 테이크아웃 가능한가요?	0
딥치즈버거 한개 이따 받으러 갈게요!!	0
통새우버거 1개 받으러 갈게요!!	0
이따 가져갈게요!!	0
인크레더블버거 한개 포장할래요!!	0
화이트갈릭버거 한개 딥치즈버거 두개 포장이요	0
화이트갈릭버거 한개 가지러 갈게요!!	0
딥치즈버거 한개 요청할게요	0
화이트갈릭버거 한개 이따가 가져갈게요	0
싸이버거 1개 통새우버거 2개 포장이요	0
통새우버거 한개 싸이버거 한개 포장이요	0
저.. 싸이버거 한개 포장하고 싶은데요	0
화이트갈릭버거 1개 통새우버거 2개 포장이요	0
싸이버거 한개 포장 방문할게요	0
딥치즈버거 1개 이따 찾으러 갈게요	0
통새우버거 1개 포장 방문할게요	0
테이크아웃 하겠습니다!!	0
화이트갈릭버거 1개 이따 갈래요!!	0
싸이버거 1개 가져갈게요!!	0
9시까지 가면 될까요?	0
싸이버거 1개 포장할게요	0
통새우버거 한개 찾으러 갈게요!!	0
화이트갈릭버거 한개 포장 방문할게요!!	0
11시까지 준비해주세요	0
싸이버거 1개 포장 방문할게요	0
통새우버거 1개 인크레더블버거 1개 포장이요	0
딥치즈버거 한개 이따 갈게요	0
딥치즈버거 1개 가져갈게요	0
싸이버거 1개 테이크아웃 하겠습니다	0
인크레더블버거 1개 가지러갈래요!!	0
18시까지 준비해주세요	0
여덟시까지 갈게요	0
이따 받으러가겠습니다	0
통새우버거 1개 이따 받으러 갈게요	0
인크레더블버거 한개 이따 받으러 갈게요	0
인크레더블버거 1개 이따가 가지러 갈게요	0
싸이버거 한개 가지러갈래요	0
딥치즈버거 한개 인크레더블버거 두개 포장이요	0
통새우버거 1개 싸이버거 1개 포장이요	0
인크레더블버거 한개 가지러 갈게요	0
싸이버거 1개 받으러 갈게요!!	0
딥치즈버거 1개 싸이버거 1개 포장이요	0
인크레더블버거 한개 가지러 갈게요!!	0
화이트갈릭버거 한개 포장 가능한가요?	0
싸이버거 한개 통새우버거 두개 포장이요	0
통새우버거 1개 가지러 갈게요	0
이따 가져갈게요	0
인크레더블버거 1개 이따가 찾으러 갈게요	0
싸이버거 한개 포장하고 싶어서요!!	0
포장하고 싶어서요	0
인크레더블버거 한개 태이크아웃할게요	0
싸이버거 1개 이따가 가져갈게요	0
이따 갈게요!!	0
포장이요!!	0
통새우버거 1개 이따 갈게요!!	0
화이트갈릭버거 1개 이따가 가져갈게요	0
여덟시까지 테이크아웃 할래요	0
한시까지 테이크아웃 할래요	0
11시까지 갈게요	0
통새우버거 1개 받으러 이따 가져갈게요	0
인크레더블버거 1개 통새우버거 1개 포장이요	0
통새우버거 1개 테이크아웃 하겠습니다!!	0
인크레더블버거 한개 이따 받으러가겠습니다	0
18시까지 갈게요	0
인크레더블버거 1개 요청	0
화이트갈릭버거 한개 이따 가져갈게요	0
통새우버거 1개 받으러 갈게요	0
화이트갈릭버거 한개 테이크아웃 하겠습니다!!	0
화이트갈릭버거 1개 이따 받으러 갈게요	0
화이트갈릭버거 1개 이따 찾으러 갈게요	0
통새우버거 1개 포장이요	0
인크레더블버거 1개 싸이버거 1개 포장이요	0
통새우버거 한개 이따가 가져갈게요	0
딥치즈버거 1개 이따가 찾으러 갈게요	0
통새우버거 한개 포장할게요	0
화이트갈릭버거 한개 이따 가지러 갈게요	0
딥치즈버거 한개 이따 찾으러 갈게요!!	0
화이트갈릭버거 1개 받으러 갈게요	0
통새우버거 1개 싸이버거 2개 포장이요	0
싸이버거 한개 포장하겠습니다	0
통새우버거 1개 딥치즈버거 2개 포장이요	0
인크레더블버거 1개 이따가 받으러 갈게요	0
세시까지 갈게요	0
딥치즈버거 1개 포장이요	0
화이트갈릭버거 1개 가지러갈래요	0
싸이버거 한개 포장이요!!	0
인크레더블버거 1개 받으러 이따 가져갈게요!!	0
통새우버거 1개 이따가 받으러 갈게요	0
통새우버거 한개 테이크아웃 하겠습니다	0
21시까지 갈게요	0
여섯시까지 갈게요	0
통새우버거 한개 포장해주세요	0
이따가 가져갈게요	0
17시까지 가면 될까요?	0
싸이버거 1개 이따 받으러가겠습니다	0
포장이요	0
딥치즈버거 한개 가져갈게요	0
통새우버거 한개 이따 찾으러 갈게요	0
통새우버거 1개 가지러갈래요!!	0
인크레더블버거 1개 포장이요!!	0
통새우버거 한개 테이크아웃 할래요	0
화이트갈릭버거 1개 포장 방문할게요!!	0
딥치즈버거 한개 주문할게요	0
15시까지 테이크아웃 가능한가요?	0
포장할건데요	0
화이트갈릭버거 한개 테이크아웃할게요	0
인크레더블버거 1개 요청할게요	0
10시까지 갈게요	0
딥치즈버거 한개 포장할래요!!	0
인크레더블버거 한개 포장부탁드립니다	0
인크레더블버거 한개 테이크아웃할게요	0
싸이버거 1개 받으러 이따 가져갈게요	0
14시까지 가면 될까요?	0
딥치즈버거 한개 이따가 가져갈게요	0
딥치즈버거 한개 이따 받으러 갈게요	0
화이트갈릭버거 한개 테이크아웃 할게요	0
딥치즈버거 한개 포장하고 싶어서요!!	0
싸이버거 1개 포장하고 싶어요!!	0
인크레더블버거 한개 딥치즈버거 두개 포장이요	0
화이트갈릭버거 한개 포장해주세요	0
인크레더블버거 1개 포장으로 선택	0
열시까지 테이크아웃 가능한가요?	0
화이트갈릭버거 1개 테이크아웃 하겠습니다	0
7시까지 가면 될까요?	0
통새우버거 한개 포장 가능한가요?	0
싸이버거 한개 이따 받으러가겠습니다	0
싸이버거 한개 화이트갈릭버거 한개 포장이요	0
화이트갈릭버거 1개 테이크아웃 할래요!!	0
통새우버거 한개 이따가 가져갈게요	0
통새우버거 1개 방문 포장할게요!!	0
싸이버거 1개 요청할게요	0
통새우버거 한개 딥치즈버거 두개 포장이요	0
싸이버거 1개 주문할게요	0
인크레더블버거 1개 테이크아웃할게요	0
포장할게요	0
딥치즈버거 1개 화이트갈릭버거 2개 포장이요	0
화이트갈릭버거 한개 포장 방문할게요	0
싸이버거 1개 테이크아웃 할게요	0
화이트갈릭버거 1개 포장할게요	0
12시까지 준비해주세요	0
화이트갈릭버거 한개 이따가 받으러 갈게요	0
싸이버거 한개 이따가 가지러 갈게요	0
통새우버거 한개 받으러 갈게요	0
인크레더블버거 1개 이따 받으러 갈게요!!	0
싸이버거 한개 포장할건데요	0
인크레더블버거 1개 싸이버거2개 포장이요	0
통새우버거 한개 가져갈게요	0
싸이버거 1개 포장할게요!!	0
싸이버거 한개 포장할래요	0
딥치즈버거 한개 포장할건데요	0
통새우버거 1개 이따 찾으러 갈게요	0
싸이버거 1개 이따가 가져갈게요	0
인크레더블버거 한개 테이크아웃 하겠습니다	0
딥치즈버거 한개 포장이요	0
10시까지 테이크아웃 가능한가요?	0
통새우버거 1개 이따 받으러 갈게요!!	0
싸이버거 1개 포장할게요	0
딥치즈버거 한개 포장 가능한가요?	0
7시까지 테이크아웃 할래요	0
싸이버거 1개 화이트갈릭버거 1개 포장이요	0
통새우버거 한개 포장부탁드립니다	0
싸이버거 한개 방문 포장할게요	0
화이트갈릭버거 1개 딥치즈버거 2개 포장이요	0
16시까지 준비해주세요	0
인크레더블버거 1개 테이크아웃 할래요!!	0
딥치즈버거 1개 포장해주세요	0
딥치즈버거 한개 싸이버거 두개 포장이요	0
24시까지 준비해주세요	0
세시까지 테이크아웃 가능한가요?	0
통새우버거 한개 받으러 이따 갈게요	0
딥치즈버거 한개 주문	0
통새우버거 한개 포장	0
화이트갈릭버거 1개 태이크아웃할게요	0
딥치즈버거 한개 찾으러 갈게요!!	0
13시까지 갈게요	0
화이트갈릭버거 한개 테이크아웃 하겠습니다	0
화이트갈릭버거 1개 이따가 받으러 갈게요	0
4시까지 준비해주세요	0
이따가 가져갈게요	0
24시까지 갈게요	0
딥치즈버거 한개 이따 갈래요	0
싸이버거 1개 포장	0
가지러갈래요!!	0
인크레더블버거 1개 딥치즈버거 2개 포장이요	0
딥치즈버거 1개 포장할래요	0
딥치즈버거 1개 받으러 갈게요!!	0
싸이버거 한개 포장 가능한가요?	0
싸이버거 1개 통새우버거 1개 포장이요	0
화이트갈릭버거 1개 가져갈게요	0
열두시까지 준비해주세요	0
통새우버거 1개 가져갈게요!!	0
싸이버거 1개 이따가 가지러 갈게요	0
싸이버거 한개 통새우버거 한개 포장이요	0
화이트갈릭버거 한개 이따가 가지러 갈게요	0
인크레더블버거 1개 포장할게요	0
이따 받으러 갈게요!!	0
딥치즈버거 한개 포장	0
통새우버거 1개 포장할게요	0
싸이버거 1개 인크레더블버거 1개 포장이요	0
화이트갈릭버거 1개 이따 받으러 갈게요	0
19시까지 테이크아웃 할래요	0
통새우버거 한개 테이크아웃 하겠습니다!!	0
싸이버거 한개 가지러 갈게요	0
화이트갈릭버거 한개 이따 받으러가겠습니다	0
통새우버거 한개 이따 받으러 갈게요	0
통새우버거 한개 테이크아웃 할게요	0
인크레더블버거 한개 가져갈게요	0
4시까지 테이크아웃 할래요	0
싸이버거 한개 포장이요	0
딥치즈버거 한개 가지러갈래요!!	0
딥치즈버거 1개 인크레더블버거 2개 포장이요	0
싸이버거 한개 포장할게요!!	0
싸이버거 한개 포장해주세요	0
통새우버거 한개 이따가 가지러 갈게요	0
딥치즈버거 1개 포장하겠습니다	0
화이트갈릭버거 1개 싸이버거 1개 포장이요	0
싸이버거 한개 받으러 이따 갈게요	0
인크레더블버거 한개 화이트갈릭버거 한개 포장이요	0
딥치즈버거 1개 이따 받으러 갈게요	0
통새우버거 1개 이따가 가져갈게요	0
22시까지 테이크아웃 가능한가요?	0
화이트갈릭버거 한개 이따가 가져갈게요	0
화이트갈릭버거 1개 받으러 이따 가져갈게요	0
23시까지 가면 될까요?	0
싸이버거 한개 딥치즈버거 한개 포장이요	0
인크레더블버거 1개 이따 갈래요	0
6시까지 테이크아웃 할래요	0
화이트갈릭버거 1개 포장이요	0
인크레더블버거 1개 포장할래요!!	0
화이트갈릭버거 한개 포장할게요!!	0
통새우버거 한개 포장할게요	0
인크레더블버거 한개 포장으로 선택	0
싸이버거 1개 가지러갈래요	0
열시까지 테이크아웃 할래요	0
통새우버거 1개 찾으러 갈게요	0
화이트갈릭버거 한개 가져갈게요	0
인크레더블버거 한개 이따 찾으러 갈게요	0
싸이버거 한개 이따 가지러 갈게요	0
싸이버거 한개 요청	0
싸이버거 1개 주문할게요	0
화이트갈릭버거 한개 받으러 이따 갈게요!!	0
싸이버거 한개 받으러 갈게요	0
9시까지 테이크아웃 할래요	0
딥치즈버거 1개 포장 가능한가요?	0
저.. 포장하고 싶은데요	0
가지러갈래요	0
딥치즈버거 1개 포장하고 싶어서요	0
저.. 딥치즈버거 1개 포장하고 싶은데요	0
인크레더블버거 한개 통새우버거 한개 포장이요	0
통새우버거 1개 포장하고 싶어요!!	0
인크레더블버거 1개 포장하고 싶어요	0
인크레더블버거 1개 이따가 찾으러 갈게요	0
통새우버거 1개 받으러 이따 가져갈게요!!	0
싸이버거 한개 받으러 이따 가져갈게요!!	0
2시까지 준비해주세요	0
이따가 찾으러 갈게요	0
14시까지 테이크아웃 할래요	0
딥치즈버거 1개 이따 갈게요!!	0
통새우버거 1개 포장해주세요	0
통새우버거 1개 이따가 가지러 갈게요	0
화이트갈릭버거 한개 포장하고 싶어서요!!	0
인크레더블버거 1개 찾으러 갈게요	0
화이트갈릭버거 1개 이따 받으러 갈게요!!	0
21시까지 가면 될까요?	0
통새우버거 1개 이따가 가지러 갈게요	0
딥치즈버거 1개 받으러 갈게요	0
통새우버거 한개 이따 받으러가겠습니다	0
8시까지 준비해주세요	0
통새우버거 1개 포장할건데요	0
화이트갈릭버거 한개 포장부탁드립니다	0
화이트갈릭버거 한개 싸이버거 한개 포장이요	0
인크레더블버거 한개 이따가 찾으러 갈게요	0
딥치즈버거 1개 테이크아웃 할래요	0
화이트갈릭버거 1개 포장하고 싶어서요!!	0
열두시까지 테이크아웃 가능한가요?	0
인크레더블버거 한개 테이크아웃 하겠습니다!!	0
아홉까지 테이크아웃 가능한가요?	0
딥치즈버거 1개 화이트갈릭버거 1개 포장이요	0
싸이버거 1개 포장해주세요	0
싸이버거 1개 가지러 갈게요	0
22시까지 가면 될까요?	0
싸이버거 한개 테이크아웃 하겠습니다!!	0
딥치즈버거 1개 인크레더블버거 1개 포장이요	0
포장할래요	0
인크레더블버거 한개 싸이버거 한개 포장이요	0
딥치즈버거 한개 통새우버거 한개 포장이요	0
열시까지 갈게요	0
통새우버거 한개 포장하고 싶어요!!	0
화이트갈릭버거 1개 이따가 찾으러 갈게요	0
화이트갈릭버거 1개 딥치즈버거 1개 포장이요	0
싸이버거 한개 태이크아웃할게요	0
인크레더블버거 1개 이따 찾으러 갈게요	0
두시까지 테이크아웃 가능한가요?	0
딥치즈버거 1개 가지러 갈게요	0
인크레더블버거 한개 포장할래요	0
가지러 갈게요	0
통새우버거 한개 요청	0
찾으러 갈게요!!	0
3시까지 준비해주세요	0
통새우버거 한개 포장하고 싶어서요!!	0
인크레더블버거 한개 싸이버거두개 포장이요	0
통새우버거 한개 화이트갈릭버거 한개 포장이요	0
9시까지 준비해주세요	0
이따가 가지러 갈게요	0
인크레더블버거 1개 이따 받으러 갈게요	0
싸이버거 1개 포장하고 싶어요	0
싸이버거 1개 주문	0
딥치즈버거 한개 포장하고 싶어서요	0
화이트갈릭버거 한개 이따 찾으러 갈게요	0
딥치즈버거 1개 테이크아웃할게요	0
인크레더블버거 한개 이따 찾으러 갈게요!!	0
화이트갈릭버거 1개 포장하고 싶어서요	0
네시까지 갈게요	0
인크레더블버거 1개 받으러 이따 가져갈게요	0
화이트갈릭버거 1개 받으러 이따 갈게요!!	0
여섯시까지 테이크아웃 할래요	0
화이트갈릭버거 한개 딥치즈버거 한개 포장이요	0
이따 갈래요	0
인크레더블버거 1개 이따 갈래요!!	0
인크레더블버거 한개 방문 포장할게요	0
12시까지 갈게요	0
싸이버거 1개 주문	0
인크레더블버거 1개 포장 방문할게요!!	0
화이트갈릭버거 한개 가져갈게요!!	0
인크레더블버거 한개 가지러갈래요	0
테이크아웃 할래요	0
화이트갈릭버거 1개 이따가 가져갈게요	0
화이트갈릭버거 한개 통새우버거 한개 포장이요	0
딥치즈버거 한개 가지러갈래요	0
13시까지 가면 될까요?	0
통새우버거 한개 인크레더블버거 한개 포장이요	0
딥치즈버거 한개 인크레더블버거 한개 포장이요	0
딥치즈버거 1개 포장할건데요	0
화이트갈릭버거 한개 이따 받으러 갈게요!!	0
15시까지 준비해주세요	0
딥치즈버거 1개 이따 가져갈게요	0
화이트갈릭버거 1개 찾으러 갈게요!!	0
딥치즈버거 1개 이따 갈래요	0
딥치즈버거 1개 받으러 이따 갈게요!!	0
화이트갈릭버거 1개 포장 가능한가요?	0
딥치즈버거 1개 방문 포장할게요	0
딥치즈버거 1개 방문 포장할게요!!	0
화이트갈릭버거 한개 이따 갈래요!!	0
인크레더블버거 한개 이따 갈게요	0
통새우버거 1개 요청할게요	0
싸이버거 1개 방문 포장할게요!!	0
2시까지 갈게요	0
화이트갈릭버거 1개 포장	0
통새우버거 한개 가져갈게요!!	0
딥치즈버거 1개 이따가 가지러 갈게요	0
통새우버거 한개 방문 포장할게요	0
네시까지 준비해주세요	0
인크레더블버거 한개 찾으러 갈게요	0
싸이버거 한개 테이크아웃 하겠습니다	0
열한시까지 준비해주세요	0
딥치즈버거 한개 이따 받으러 갈게요	0
인크레더블버거 한개 이따가 찾으러 갈게요	0
화이트갈릭버거 1개 포장할게요	0
화이트갈릭버거 한개 포장하고 싶어서요	0
싸이버거 1개 테이크아웃할게요	0
싸이버거 한개 테이크아웃할게요	0
화이트갈릭버거 1개 요청할게요	0
화이트갈릭버거 1개 포장이요!!	0
인크레더블버거 1개 가지러갈래요	0
20시까지 가면 될까요?	0
싸이버거 한개 주문할게요	0
통새우버거 한개 포장 방문할게요!!	0
싸이버거 1개 이따 받으러 갈게요	0
싸이버거 1개 이따가 찾으러 갈게요	0
딥치즈버거 한개 포장부탁드립니다	0
인크레더블버거 한개 포장이요	0
18시까지 가면 될까요?	0
딥치즈버거 1개 테이크아웃 하겠습니다	0
인크레더블버거 1개 받으러 이따 갈게요!!	0
화이트갈릭버거 한개 받으러 이따 갈게요	0
딥치즈버거 1개 이따가 가지러 갈게요	0
인크레더블버거 한개 이따 가지러 갈게요	0
딥치즈버거 한개 통새우버거 두개 포장이요	0
인크레더블버거 1개 포장할래요	0
화이트갈릭버거 한개 요청	0
화이트갈릭버거 1개 이따 가지러 갈게요	0
24시까지 가면 될까요?	0
통새우버거 한개 받으러 갈게요!!	0
화이트갈릭버거 1개 포장해주세요	0
화이트갈릭버거 1개 이따 갈게요	0
딥치즈버거 1개 이따 받으러가겠습니다	0
싸이버거 한개 주문	0
이따가 가지러 갈게요	0
통새우버거 1개 테이크아웃 할게요	0
인크레더블버거 한개 이따 갈래요!!	0
인크레더블버거 한개 포장할게요!!	0
싸이버거 1개 이따 찾으러 갈게요	0
포장하겠습니다	0
딥치즈버거 한개 테이크아웃 하겠습니다	0
화이트갈릭버거 1개 이따 갈래요	0
딥치즈버거 1개 이따가 받으러 갈게요	0
싸이버거 1개 요청할게요	0
9시까지 테이크아웃 가능한가요?	0
통새우버거 한개 가지러 갈게요!!	0
싸이버거 한개 포장할래요!!	0
화이트갈릭버거 한개 인크레더블버거 한개 포장이요	0
받으러 갈게요	0
아홉까지 가면 될까요?	0
일곱시까지 준비해주세요	0
인크레더블버거 한개 가지러갈래요!!	0
인크레더블버거 한개 요청	0
인크레더블버거 한개 찾으러 갈게요!!	0
저.. 화이트갈릭버거 1개 포장하고 싶은데요	0
딥치즈버거 1개 받으러 이따 가져갈게요!!	0
화이트갈릭버거 1개 포장하겠습니다	0
싸이버거 1개 포장이요	0
화이트갈릭버거 한개 싸이버거 한개 포장이요	0
딥치즈버거 한개 테이크아웃 할게요	0
인크레더블버거 한개 이따 받으러 갈게요!!	0
화이트갈릭버거 한개 이따 받으러 갈게요	0
딥치즈버거 1개 테이크아웃 할래요!!	0
화이트갈릭버거 한개 이따 갈래요	0
싸이버거 1개 받으러 갈게요	0
화이트갈릭버거 1개 포장할건데요	0
이따 받으러 갈게요	0
이따 찾으러 갈게요	0
인크레더블버거 한개 화이트갈릭버거 두개 포장이요	0
인크레더블버거 한개 이따가 가지러 갈게요	0
딥치즈버거 한개 포장해주세요	0
포장부탁드립니다	0
화이트갈릭버거 1개 포장부탁드립니다	0
싸이버거 1개 이따 갈게요	0
7시까지 준비해주세요	0
통새우버거 1개 이따가 받으러 갈게요	0
2시까지 테이크아웃 가능한가요?	0
딥치즈버거 1개 가지러 갈게요!!	0
화이트갈릭버거 1개 테이크아웃할게요	0
딥치즈버거 한개 받으러 이따 갈게요!!	0
딥치즈버거 한개 이따가 가져갈게요	0
싸이버거 한개 이따가 가지러 갈게요	0
화이트갈릭버거 1개 인크레더블버거2개 포장이요	0
싸이버거 1개 포장이요!!	0
통새우버거 한개 포장이요	0
저.. 인크레더블버거 1개 포장하고 싶은데요	0
인크레더블버거 한개 포장하고 싶어서요!!	0
15시까지 가면 될까요?	0
딥치즈버거 1개 화이트갈릭버거 1개 포장이요	0
이따 가져갈게요	0
딥치즈버거 1개 받으러 이따 갈게요	0
딥치즈버거 1개 이따 갈래요!!	0
인크레더블버거 한개 포장	0
통새우버거 1개 화이트갈릭버거 1개 포장이요	0
싸이버거 한개 포장하고 싶어서요	0
싸이버거 1개 이따가 가지러 갈게요	0
포장할래요!!	0
화이트갈릭버거 한개 포장할게요	0
5시까지 테이크아웃 가능한가요?	0
딥치즈버거 한개 싸이버거 한개 포장이요	0
싸이버거 1개 딥치즈버거 1개 포장이요	0
통새우버거 한개 방문 포장할게요!!	0
딥치즈버거 1개 포장 방문할게요	0
통새우버거 한개 딥치즈버거 한개 포장이요	0
13시까지 준비해주세요	0
화이트갈릭버거 한개 받으러 갈게요!!	0
싸이버거 1개 포장 가능한가요?	0
딥치즈버거 1개 통새우버거 1개 포장이요	0
딥치즈버거 1개 이따가 가져갈게요	0
17시까지 준비해주세요	0
화이트갈릭버거 한개 찾으러 갈게요!!	0
1시까지 갈게요	0
인크레더블버거 한개 이따 찾으러 갈게요	0
통새우버거 1개 이따 가져갈게요	0
화이트갈릭버거 한개 방문 포장할게요!!	0
인크레더블버거 한개 이따가 가져갈게요	0
5시까지 테이크아웃 할래요	0
화이트갈릭버거 1개 이따 갈게요!!	0
저.. 통새우버거 1개 포장하고 싶은데요	0
인크레더블버거 한개 테이크아웃 할게요	0
싸이버거 한개 요청할게요	0
싸이버거 한개 이따가 찾으러 갈게요	0
이따 찾으러 갈게요	0
싸이버거 한개 딥치즈버거두개 포장이요	0
인크레더블버거 1개 이따 갈게요	0
10시까지 가면 될까요?	0
싸이버거 1개 이따 받으러 갈게요	0
화이트갈릭버거 한개 이따가 가지러 갈게요	0
화이트갈릭버거 한개 포장하고 싶어요!!	0
싸이버거 1개 이따가 받으러 갈게요	0
인크레더블버거 한개 받으러 이따 갈게요	0
다섯시까지 테이크아웃 할래요	0
열한시까지 가면 될까요?	0
통새우버거 한개 태이크아웃할게요	0
싸이버거 1개 이따 가져갈게요	0
한시까지 가면 될까요?	0
19시까지 가면 될까요?	0
19시까지 갈게요	0
싸이버거 한개 테이크아웃 할래요!!	0
이따가 받으러 갈게요	0
싸이버거 1개 이따 찾으러 갈게요	0
딥치즈버거 1개 포장할래요!!	0
싸이버거 1개 태이크아웃할게요	0
통새우버거 한개 이따 갈래요	0
화이트갈릭버거 1개 포장할게요!!	0
3시까지 테이크아웃 할래요	0
딥치즈버거 1개 태이크아웃할게요	0
11시까지 테이크아웃 할래요	0
통새우버거 1개 포장하고 싶어서요	0
싸이버거 1개 받으러 이따 갈게요!!	0
싸이버거 한개 찾으러 갈게요!!	0
싸이버거 한개 받으러 갈게요!!	0
두시까지 가면 될까요?	0
싸이버거 한개 포장부탁드립니다	0
화이트갈릭버거 한개 이따 갈게요	0
통새우버거 1개 이따 받으러 갈게요	0
싸이버거 한개 이따 갈게요!!	0
딥치즈버거 한개 받으러 갈게요!!	0
인크레더블버거 1개 주문	0
싸이버거 1개 찾으러 갈게요!!	0
딥치즈버거 한개 통새우버거 한개 포장이요	0
화이트갈릭버거 1개 통새우버거 1개 포장이요	0
화이트갈릭버거 1개 받으러 이따 갈게요	0
인크레더블버거 한개 이따 갈래요	0
통새우버거 1개 포장 방문할게요!!	0
통새우버거 1개 이따 찾으러 갈게요	0
통새우버거 1개 이따 갈래요	0
14시까지 갈게요	0
인크레더블버거 한개 이따 받으러 갈게요	0
통새우버거 한개 포장 방문할게요	0
화이트갈릭버거 1개 인크레더블버거 1개 포장이요	0
5시까지 갈게요	0
화이트갈릭버거 한개 싸이버거 두개 포장이요	0
싸이버거 1개 이따 갈래요	0
인크레더블버거 1개 포장하고 싶어요!!	0
세시까지 가면 될까요?	0
가져갈게요!!	0
통새우버거 한개 이따 찾으러 갈게요!!	0
인크레더블버거 1개 받으러 갈게요	0
통새우버거 1개 이따 갈게요	0
싸이버거 한개 이따가 받으러 갈게요	0
싸이버거 1개 가져갈게요	0
7시까지 테이크아웃 가능한가요?	0
화이트갈릭버거 1개 가지러 갈게요	0
딥치즈버거 한개 포장으로 선택	0
8시까지 테이크아웃 가능한가요?	0
인크레더블버거 한개 테이크아웃 할래요	0
6시까지 준비해주세요	0
한시까지 테이크아웃 가능한가요?	0
통새우버거 1개 테이크아웃 하겠습니다	0
인크레더블버거 한개 주문할게요	0
화이트갈릭버거 한개 이따가 찾으러 갈게요	0
통새우버거 한개 포장할건데요	0
화이트갈릭버거 한개 딥치즈버거 한개 포장이요	0
딥치즈버거 한개 이따가 받으러 갈게요	0
딥치즈버거 한개 화이트갈릭버거 한개 포장이요	0
통새우버거 한개 테이크아웃 할래요!!	0
인크레더블버거 1개 포장할게요	0
이따가 찾으러 갈게요	0
딥치즈버거 한개 포장하겠습니다	0
통새우버거 1개 방문 포장할게요	0
딥치즈버거 한개 방문 포장할게요!!	0
통새우버거 1개 이따 받으러가겠습니다	0
딥치즈버거 1개 테이크아웃 할게요	0
싸이버거 한개 이따 찾으러 갈게요	0
싸이버거 한개 포장할게요	0
인크레더블버거 1개 포장 방문할게요	0
인크레더블버거 1개 싸이버거 1개 포장이요	0
방문 포장할게요	0
8시까지 가면 될까요?	0
열두시까지 테이크아웃 할래요	0
싸이버거 한개 포장하고 싶어요!!	0
인크레더블버거 1개 가져갈게요	0
딥치즈버거 1개 포장할게요	0
23시까지 테이크아웃 가능한가요?	0
이따 갈게요	0
태이크아웃할게요	0
인크레더블버거 1개 이따가 가지러 갈게요	0
싸이버거 1개 배달해주세요	1
싸이버거 1개 배달 주문	1
싸이버거 1개 배달 주문이요	1
싸이버거 1개 배달해 주십쇼	1
싸이버거 1개 배달 가능한가요	1
싸이버거 1개 배달부탁 드립니다.	1
싸이버거 1개 배달이요	1
싸이버거 1개 배달 주문 하고싶어요	1
싸이버거 배달해주세요	1
싸이버거 배달 주문	1
싸이버거 배달 주문이요	1
싸이버거 배달해 주십쇼	1
싸이버거 배달 가능한가요	1
싸이버거 배달부탁 드립니다.	1
싸이버거 배달이요	1
싸이버거 배달 주문 하고싶어요	1
딥치즈버거 1개 배달해주세요	1
딥치즈버거 1개 배달 주문	1
딥치즈버거 1개 배달 주문이요	1
딥치즈버거 1개 배달해 주십쇼	1
딥치즈버거 1개 배달 가능한가요	1
딥치즈버거 1개 배달부탁 드립니다.	1
딥치즈버거 1개 배달이요	1
딥치즈버거 1개 배달 주문 하고싶어요	1
딥치즈버거 배달해주세요	1
딥치즈버거 배달 주문	1
딥치즈버거 배달 주문이요	1
딥치즈버거 배달해 주십쇼	1
딥치즈버거 배달 가능한가요	1
딥치즈버거 배달부탁 드립니다.	1
딥치즈버거 배달이요	1
딥치즈버거 배달 주문 하고싶어요	1
배달해주세요	1
배달해주십쇼	1
배달 가능한가요	1
1개 보내주세요	1
1개 빨리 배달해주세요	1
빨리 배달가능한가요	1
배달이요 빨리좀 부탁드려요	1
배달시키는데 괜찮은가요	1
배달되요?	1
지금 배달해주세요	1
배달 조심히 와주세요	1
배달 빨리 부탁드립니다.	1
배달 해주세요 근데 언제쯤 도착하나요?	1
배달 보내주세요 언제도착해요?	1
배달빨리빨리 보내주세요!!	1
배달 시키고싶은데 괜찮은가요?	1
배달 부탁드려요 싸이버거로	1
배달 부탁드려요 싸이버거 1개	1
화이트갈릭버거 하나 가져다 주세요	1
화이트갈릭버거 하나 보내주세요	1
화이트갈릭버거 하나 배달해주세요	1
화이트갈릭버거 1개 배달주문이요	1
배달 싸이버거2개 보내주세요	1
배달인데요 싸이버거 보내주세요	1
배달주문 할건데요 싸이버거 되나요	1
배달주문이요 싸이버거 한 개 보내주세요	1
배달주문할건데 딥치즈버거 가능한가요	1
배달해주세요	1
배달로 싸이버거 1개 보내주세요	1
배달로 화이트갈릭버거 빨리 보내주세요	1
화이트갈릭버거 1개 배달해주시고 빨리와주세요	1
딥치즈버거 하나 배달해주세요	1
딥치즈버거 보내주세요.	1
딥치즈버거 1개 보내주세요	1
딥치즈버거 빨리좀 보내주세요	1
딥치즈버거 빨리좀 배달해주세요.	1
딥치즈버거 배달 가능한가요	1
딥치즈버거 1개 배달 주문할게요	1
딥치즈버거 배달 주문할게요	1
딥치즈버거 1개 배달해주세요 조심히오세요	1
딥치즈버거 배달해주세요 조심히오세요	1
딥치즈버거 안전하게 하나 배달해 주세요	1
화이트갈릭버거 1개 배달해주세요	1
화이트갈릭버거 1개 배달 주문	1
화이트갈릭버거 1개 배달 주문이요	1
화이트갈릭버거 1개 배달해 주십쇼	1
화이트갈릭버거 1개 배달 가능한가요	1
화이트갈릭버거 1개 배달부탁 드립니다.	1
화이트갈릭버거 1개 배달이요	1
화이트갈릭버거 1개 배달 주문 하고싶어요	1
화이트갈릭버거 배달해주세요	1
화이트갈릭버거 배달 주문	1
화이트갈릭버거 배달 주문이요	1
화이트갈릭버거 배달해 주십쇼	1
화이트갈릭버거 배달 가능한가요	1
화이트갈릭버거 배달부탁 드립니다.	1
화이트갈릭버거 배달이요	1
화이트갈릭버거 배달 주문 하고싶어요	1
화이트갈릭버거 하나 배달해주세요	1
화이트갈릭버거 보내주세요.	1
화이트갈릭버거 1개 보내주세요	1
화이트갈릭버거 빨리좀 보내주세요	1
화이트갈릭버거 빨리좀 배달해주세요.	1
화이트갈릭버거 배달 가능한가요	1
화이트갈릭버거 1개 배달 주문할게요	1
화이트갈릭버거 배달 주문할게요	1
화이트갈릭버거 1개 배달해주세요 조심히오세요	1
화이트갈릭버거 배달해주세요 조심히오세요	1
화이트갈릭버거 안전하게 하나 배달해 주세요	1
통새우버거 1개 배달해주세요	1
통새우버거 1개 배달 주문	1
통새우버거 1개 배달 주문이요	1
통새우버거 1개 배달해 주십쇼	1
통새우버거 1개 배달 가능한가요	1
통새우버거 1개 배달부탁 드립니다.	1
통새우버거 1개 배달이요	1
통새우버거 1개 배달 주문 하고싶어요	1
통새우버거 배달해주세요	1
통새우버거 배달 주문	1
통새우버거 배달 주문이요	1
통새우버거 배달해 주십쇼	1
통새우버거 배달 가능한가요	1
통새우버거 배달부탁 드립니다.	1
통새우버거 배달이요	1
통새우버거 배달 주문 하고싶어요	1
통새우버거 하나 배달해주세요	1
통새우버거 보내주세요.	1
통새우버거 1개 보내주세요	1
통새우버거 빨리좀 보내주세요	1
통새우버거 빨리좀 배달해주세요.	1
통새우버거 배달 가능한가요	1
통새우버거 1개 배달 주문할게요	1
통새우버거 배달 주문할게요	1
통새우버거 1개 배달해주세요 조심히오세요	1
통새우버거 배달해주세요 조심히오세요	1
통새우버거 안전하게 하나 배달해 주세요	1
인크레더블버거 1개 배달해주세요	1
인크레더블버거 1개 배달 주문	1
인크레더블버거 1개 배달 주문이요	1
인크레더블버거 1개 배달해 주십쇼	1
인크레더블버거 1개 배달 가능한가요	1
인크레더블버거 1개 배달부탁 드립니다.	1
인크레더블버거 1개 배달이요	1
인크레더블버거 1개 배달 주문 하고싶어요	1
인크레더블버거 배달해주세요	1
인크레더블버거 배달 주문	1
인크레더블버거 배달 주문이요	1
인크레더블버거 배달해 주십쇼	1
인크레더블버거 배달 가능한가요	1
인크레더블버거 배달부탁 드립니다.	1
인크레더블버거 배달이요	1
인크레더블버거 배달 주문 하고싶어요	1
인크레더블버거 하나 배달해주세요	1
인크레더블버거 보내주세요.	1
인크레더블버거 1개 보내주세요	1
인크레더블버거 빨리좀 보내주세요	1
인크레더블버거 빨리좀 배달해주세요.	1
인크레더블버거 배달 가능한가요	1
인크레더블버거 1개 배달 주문할게요	1
인크레더블버거 배달 주문할게요	1
인크레더블버거 1개 배달해주세요 조심히오세요	1
인크레더블버거 배달해주세요 조심히오세요	1
인크레더블버거 안전하게 하나 배달해 주세요	1
햄버거 1개 배달해주세요	1
햄버거 1개 배달 주문	1
햄버거 1개 배달 주문이요	1
햄버거 1개 배달해 주십쇼	1
햄버거 1개 배달 가능한가요	1
햄버거 1개 배달부탁 드립니다.	1
햄버거 1개 배달이요	1
햄버거 1개 배달 주문 하고싶어요	1
햄버거 배달해주세요	1
햄버거 배달 주문	1
햄버거 배달 주문이요	1
햄버거 배달해 주십쇼	1
햄버거 배달 가능한가요	1
햄버거 배달부탁 드립니다.	1
햄버거 배달이요	1
햄버거 배달 주문 하고싶어요	1
햄버거 하나 배달해주세요	1
햄버거 보내주세요.	1
햄버거 1개 보내주세요	1
햄버거 빨리좀 보내주세요	1
햄버거 빨리좀 배달해주세요.	1
햄버거 배달 가능한가요	1
햄버거 1개 배달 주문할게요	1
햄버거 배달 주문할게요	1
햄버거 1개 배달해주세요 조심히오세요	1
햄버거 배달해주세요 조심히오세요	1
햄버거 안전하게 하나 배달해 주세요	1
1개 배달해주세요	1
1개 배달 주문	1
1개 배달 주문이요	1
1개 배달해 주십쇼	1
1개 배달 가능한가요	1
1개 배달부탁 드립니다.	1
1개 배달이요	1
1개 배달 주문 하고싶어요	1
배달해주세요	1
배달 주문	1
배달 주문이요	1
배달해 주십쇼	1
배달 가능한가요	1
배달부탁 드립니다.	1
배달이요	1
배달 주문 하고싶어요	1
하나 배달해주세요	1
보내주세요.	1
1개 보내주세요	1
빨리좀 보내주세요	1
빨리좀 배달해주세요.	1
배달 가능한가요	1
1개 배달 주문할게요	1
배달 주문할게요	1
1개 배달해주세요 조심히오세요	1
배달해주세요 조심히오세요	1
안전하게 하나 배달해 주세요	1
여기 딥치즈버거 하나 보내주세요	1
배달해주세요 딥치즈버거 한 개	1
배달해주세요 딥치즈버거 1개	1
배달부탁드려요 딥치즈버거 1개요	1
배달해주세요 딥치즈버거 1개 보내주세요	1
배달 딥치즈버거 1개	1
배달주문 딥치즈버거 1개	1
배달부탁 딥치즈버거 1개	1
배달 빨리좀요 딥치즈버거 1개	1
배달 빨리보내주세요 딥치즈버거 1개 	1
배달 지금 되죠? 딥치즈버거 1개 보내주세요	1
배달 가능하죠? 딥치즈버거 1개 보내주세요	1
배달 빨리 가능한가요? 딥치즈버거 1개 보내주세요	1
배달 지금 되죠? 딥치즈버거 1개 배달해주세요	1
배달 가능하죠? 딥치즈버거 1개 배달해주세요	1
배달 빨리 가능한가요? 딥치즈버거 1개 배달해주세요	1
여기 싸이버거 하나 보내주세요	1
배달해주세요 싸이버거 한 개	1
배달해주세요 싸이버거 1개	1
배달부탁드려요 싸이버거 1개요	1
배달해주세요 싸이버거 1개 보내주세요	1
배달 싸이버거 1개	1
배달주문 싸이버거 1개	1
배달부탁 싸이버거 1개	1
배달 빨리좀요 싸이버거 1개	1
배달 빨리보내주세요 싸이버거 1개 	1
배달 지금 되죠? 싸이버거 1개 보내주세요	1
배달 가능하죠? 싸이버거 1개 보내주세요	1
배달 빨리 가능한가요? 싸이버거 1개 보내주세요	1
배달 지금 되죠? 싸이버거 1개 배달해주세요	1
배달 가능하죠? 싸이버거 1개 배달해주세요	1
배달 빨리 가능한가요? 싸이버거 1개 배달해주세요	1
여기 인크레더블버거 하나 보내주세요	1
배달해주세요 인크레더블버거 한 개	1
배달해주세요 인크레더블버거 1개	1
배달부탁드려요 인크레더블버거 1개요	1
배달해주세요 인크레더블버거 1개 보내주세요	1
배달 인크레더블버거 1개	1
배달주문 인크레더블버거 1개	1
배달부탁 인크레더블버거 1개	1
배달 빨리좀요 인크레더블버거 1개	1
배달 빨리보내주세요 인크레더블버거 1개 	1
배달 지금 되죠? 인크레더블버거 1개 보내주세요	1
배달 가능하죠? 인크레더블버거 1개 보내주세요	1
배달 빨리 가능한가요? 인크레더블버거 1개 보내주세요	1
배달 지금 되죠? 인크레더블버거 1개 배달해주세요	1
배달 가능하죠? 인크레더블버거 1개 배달해주세요	1
배달 빨리 가능한가요? 인크레더블버거 1개 배달해주세요	1
여기 통새우버거 하나 보내주세요	1
배달해주세요 통새우버거 한 개	1
배달해주세요 통새우버거 1개	1
배달부탁드려요 통새우버거 1개요	1
배달해주세요 통새우버거 1개 보내주세요	1
배달 통새우버거 1개	1
배달주문 통새우버거 1개	1
배달부탁 통새우버거 1개	1
배달 빨리좀요 통새우버거 1개	1
배달 빨리보내주세요 통새우버거 1개 	1
배달 지금 되죠? 통새우버거 1개 보내주세요	1
배달 가능하죠? 통새우버거 1개 보내주세요	1
배달 빨리 가능한가요? 통새우버거 1개 보내주세요	1
배달 지금 되죠? 통새우버거 1개 배달해주세요	1
배달 가능하죠? 통새우버거 1개 배달해주세요	1
배달 빨리 가능한가요? 통새우버거 1개 배달해주세요	1
여기 화이트갈릭버거 하나 보내주세요	1
배달해주세요 화이트갈릭버거 한 개	1
배달해주세요 화이트갈릭버거 1개	1
배달부탁드려요 화이트갈릭버거 1개요	1
배달해주세요 화이트갈릭버거 1개 보내주세요	1
배달 화이트갈릭버거 1개	1
배달주문 화이트갈릭버거 1개	1
배달부탁 화이트갈릭버거 1개	1
배달 빨리좀요 화이트갈릭버거 1개	1
배달 빨리보내주세요 화이트갈릭버거 1개 	1
배달 지금 되죠? 화이트갈릭버거 1개 보내주세요	1
배달 가능하죠? 화이트갈릭버거 1개 보내주세요	1
배달 빨리 가능한가요? 화이트갈릭버거 1개 보내주세요	1
배달 지금 되죠? 화이트갈릭버거 1개 배달해주세요	1
배달 가능하죠? 화이트갈릭버거 1개 배달해주세요	1
배달 빨리 가능한가요? 화이트갈릭버거 1개 배달해주세요	1
싸이버거 1개 배달해주세요 빨리좀 부탁드립니다.	1
배달 주문이요 싸이버거 1개 빨리좀 배달해주세요	1
배달 주문이요 싸이버거 1개 빨리좀 부탁드립니다	1
배달부탁드려요 싸이버거 1개 빨리좀 부탁드립니다.	1
배달부탁드려요 싸이버거 1개 조심히 와주세요	1
배달 주문이요 싸이버거 1개 조심히 와주세요	1
배달주문이요 싸이버거 1개 조심히 배달와주세요	1
화이트갈릭버거 1개 배달해주세요 빨리좀 부탁드립니다.	1
배달 주문이요 화이트갈릭버거 1개 빨리좀 배달해주세요	1
배달 주문이요 화이트갈릭버거 1개 빨리좀 부탁드립니다	1
배달부탁드려요 화이트갈릭버거 1개 빨리좀 부탁드립니다.	1
배달부탁드려요 화이트갈릭버거 1개 조심히 와주세요	1
배달 주문이요 화이트갈릭버거 1개 조심히 와주세요	1
배달주문이요 화이트갈릭버거 1개 조심히 배달와주세요	1
인크레더블버거 1개 배달해주세요 빨리좀 부탁드립니다.	1
배달 주문이요 인크레더블버거 1개 빨리좀 배달해주세요	1
배달 주문이요 인크레더블버거 1개 빨리좀 부탁드립니다	1
배달부탁드려요 인크레더블버거 1개 빨리좀 부탁드립니다.	1
배달부탁드려요 인크레더블버거 1개 조심히 와주세요	1
배달 주문이요 인크레더블버거 1개 조심히 와주세요	1
배달주문이요 인크레더블버거 1개 조심히 배달와주세요	1
통새우버거 1개 배달해주세요 빨리좀 부탁드립니다.	1
배달 주문이요 통새우버거 1개 빨리좀 배달해주세요	1
배달 주문이요 통새우버거 1개 빨리좀 부탁드립니다	1
배달부탁드려요 통새우버거 1개 빨리좀 부탁드립니다.	1
배달부탁드려요 통새우버거 1개 조심히 와주세요	1
배달 주문이요 통새우버거 1개 조심히 와주세요	1
배달주문이요 통새우버거 1개 조심히 배달와주세요	1
딥치즈버거 1개 배달해주세요 빨리좀 부탁드립니다.	1
배달 주문이요 딥치즈버거 1개 빨리좀 배달해주세요	1
배달 주문이요 딥치즈버거 1개 빨리좀 부탁드립니다	1
배달부탁드려요 딥치즈버거 1개 빨리좀 부탁드립니다.	1
배달부탁드려요 딥치즈버거 1개 조심히 와주세요	1
배달 주문이요 딥치즈버거 1개 조심히 와주세요	1
배달주문이요 딥치즈버거 1개 조심히 배달와주세요	1
배달	1
배달요	1
배달 좀	1
배달 해주세요	1
배달 가능	1
배달 해주실수있나요	1
배달 가능한가요	1
배달 부탁드려요	1
배달배달	1
배달 좀 해주세요	1
배달 좀 해주실수있나요	1
배달 쌉가능?	1
싸이버거 배달	1
싸이버거 배달부탁요	1
싸이버거 배달가능?	1
배달좀 싸이버거	1
딥치즈 배달배달	1
딥치즈 배달가능	1
싸이버거 가져다줘요	1
싸이버거 가져다주세요	1
싸이버거 갖다줘요	1
싸이버거 가따조	1
딥치즈 가져다줘요	1
인크레더블 버거 배달	1
화이트갈릭 버거 배달	1
딥치즈 버거 배달	1
딥치즈 버거 배달가능?	1
딥치즈버거 가져다주세요	1
딥치즈 버거 가따줘요	1
딥치즈 버거 갖다줘요	1
딥치즈 버거 배달 플리즈	1
딥치즈 버거 배달 해조	1
싸이버거 배달 해조	1
인크레더블 버거 배달 해조	1
인크레더블 버거 배달배달	1
기브미 싸이버거 마이홈 배달	1
딥치즈 버거 집으로 배달좀	1
싸이버거 집으로 배달좀	1
인크레더블 버거 집으로 배달좀	1
화이트갈릭 버거 집으로 배달좀	1
싸이버거 배달 플리즈	1
인크레더블 버거 배달 플리즈	1
배달 가능? 싸이버거로	1
배달 가능? 딥치즈 버거	1
배달 싸이버거	1
배달 딥치즈 버거	1
배달 인크레더블 버거	1
배달 화이트갈릭 버거	1
싸이버거를 우리집으로 가져다 줘	1
딥 치즈 버거를 우리집으로 가져다 줘	1
인크레더블 버거를 우리집으로 가져다 줘	1
화이트 갈릭 버거를 우리집으로 가져다줘	1
싸이버거 배다다다다다다달	1
 싸이버거 배 투더 달	1
싸이버거 배달을 해주십쇼	1
싸이버거 배달 콜?	1
싸이버거 주셈 배달	1
싸이버거 집으로 가져오셈	1
싸이버거 우리집에 갖고오셈	1
싸이버거 부릉부릉 가져다주셈	1
싸이버거 배달 조심히 부탁해요	1
싸이버거 배달 빨리 부탁해요	1
싸이버거 어서 집으로 가져와요	1
싸이버거 배달배달배달배달배다라라라랄	1
싸이버거 배달 가능하겠어요?	1
싸이버거 딜리버리 플리즈	1
싸이버거 배애다알	1
싸이버거 	1
싸이버거를 배달해 주시오	1
싸이버거를 배달해다주시오	1
싸이버거 배달용	1
싸이버거 배달염	1
싸이버거 배달띠	1
싸이버거 회사로 배달좀	1
싸이버거 집으로 빨리 배달좀	1
싸이버거 먹고싶은 집으로 보내주셈	1
싸이버거 개 땡김 빨리 가져오셈 집으로	1
싸이버거 배달이 지금 가능하세여	1
싸이버거 배달쓰	1
싸이버거 배달연	1
싸이버거 배달좀여	1
싸이버거 배달좀연	1
싸이버거 배달좀용	1
싸이버거 집으로 배달 가능여?	1
싸이버거 집으로 가꼬왕	1
싸이버거 배달해줭	1
싸이버거어어어 집으로오오 배달아아아알	1
싸이버거 주시와요	1
싸이버거를 집으로 가져다 주시와요	1
싸이버거를 어서 배달해 주시오	1
싸어버거를 배달해주시겠소	1
나는 원한다 배달을 싸이버거	1
원합니다 싸이버거 배달을	1
싸이버거를 배달해주시겠어?	1
집으로 싸이버거 가져와	1
싸이버거 주셈 배달도 해주셈	1
싸어버거 배달해다주셈	1
싸이버거 오토바이로 배달좀	1
싸이버거 가져와아아아아ㅏ!!!!	1
싸이버거 배달해종	1
딥치즈버거 배달쓰	1
딥치즈버거 배달띠	1
딥치즈버거 배달좀연	1
딥치즈버거 배달좀용	1
딥치즈버거 배달가능?	1
딥치즈버거 배달 플리즈	1
딥치즈버거 집으로 배달 가능여?	1
딥치즈버거 집으로 가꼬왕	1
딥치즈 버거 배달해줭	1
딥치즈 버거 어서 집으로 가져와 배달해줘	1
딥치즈 버거 집으로 배달부탁드려요	1
딥치즈버거를 배달해 주시오	1
딥치즈 버거를 배달해주십사 부탁드리오	1
딥치즈 버거를 배달해주시겠소?	1
딥치즈버거를 집에서 먹고싶군 배달 가능한가	1
딥치즈버거 배달 가능?	1
딥치즈버거 배달 쌉가능?	1
딥치즈버거 배달해	1
딥치즈버거 배달해다줘	1
딥치즈버거 가따조	1
딥치즈버거 갖다줭	1
딥치즈버거 집으로 갖다줭	1
딥치즈 버거 배달을 원해	1
딥치즈버거 배다라라라랄	1
딥치즈버거 배달 플리즈요	1
나는 원한다 배달을 딥치즈버거	1
원한다 딥치즈버거 배달을	1
딥치즈 버거를 배달해준다면 내가 이뻐해주지	1
딥치즈버거 배달해줘용	1
딥치즈 버거 집으로 배달좀	1
딥치즈 버거 기브미 배달좀	1
딥치즈 버거 배달배달배달	1
딥치즈버거 배달가능하겠어?	1
딥치즈 버거 배달가능한가요	1
딥치즈 버거 배달 가능한가용	1
딥치즈 버거 배달이 지금 되나요	1
딥치즈버거 배딜이 지금 가능함?	1
딥치즈버거 배달이 되는겨?	1
딥치즈 버거 배달 되는교?	1
딥치즈 버거 배달을 원하는것이여	1
딥치즈 버거 배달 커몬	1
딥치즈버거 배달해주시옹	1
딥치즈 버거 배달요오옹	1
딥치즈 버거 배달을 원합니다	1
나는 딥치즈 버거 배달을 원함	1
배달 할건데 딥치즈 버거 주세요	1
배달 가능하면 딥치즈버거요	1
딥치즈버거 배달띠	1
딥치즈버거 배달염	1
딥치즈버거 배달이연	1
인크레더블 버거 배달좀	1
인크레더블버거 배달요	1
인크레더블 버거 배달여	1
인크레더블 버거 배달연	1
인크레더블 버거 배달염	1
인크레더블 버거 배달좀여	1
인크레더블 버거 배달좀요	1
인크레더블 버거 배달좀용	1
인크레더블 버거 배달좀유	1
인크레더블 버거 배달띠	1
인크레더블 버거 배달영	1
인크레더블 버거 배달용	1
인크레더블 버거 배달되는교	1
인크레더블 버거 배달가능한교	1
인크레더블 버거 배달되는겨	1
인크레더블 버거 배달가능한겨	1
인크레더블 버거 배달해줘	1
인크레더블 버거 배달해조	1
인크레버들 버거 배달해주	1
인크레더블 버거 배달해종	1
인크레더블 버거 배달해조옹	1
인크레더블 버거 배달좀해종	1
인크레더블 버거 배달좀 해줘	1
인크레더블 버거 배달좀 해종	1
인크레더블 버거 배달좀 해줭	1
인크레더블 버거 배달좀 해주세요	1
인크레더블 버거 배달좀 해주세연	1
인크레더블 버거 배달좀 해주세여	1
인크레더블 버거 배달좀 해주세영	1
인크레더블 버거 배달좀 해주세용	1
인크레더블 버거 배달좀 해주세유	1
인크레더블 버거 배달을 해주세요	1
인크레더블 버거 배달을 해주세용	1
인크레더블 버거 배달을 해주세융	1
인크레더블 버거 배달을 해주세연	1
인크레더블 버거 배달을 해주세염	1
인크레더블 버거 배달을 해주세영	1
인크레더블 버거 배달은 해주시오	1
인크레더블 버거 배달이 가능한가	1
인크레더블 버거 배달이 가능하오	1
인크레더블 버거 배달이 가능하신가	1
인크레더블 버거 배달이 가능한가요	1
인크레더블 버거 배달이 가능한가연	1
인크레더블 버거 배달 커몬	1
인크레더블 버거 배달배달배달	1
인크레더블 버거 배달 가능요?	1
인크레더블 버거 배달이 되나요	1
인크레더블 버거 배달이 지금 가능해요?	1
인크레더블 버거 배달이 가능하시오	1
인크레더블 버거 배달 부탁	1
인크레더블 버거 배달 쌉가능?	1
인크레더블 버거 배달 가능?	1
인크레더블 버거 지금 배달좀	1
인크레더블 버거 지금 배달가능?	1
인크레더블 버거 지금 배달요	1
인크레더블 버거 짐 배달연	1
인크레더블 버거 집으로 배달영	1
화이트갈릭 버거 배달요	1
화이트갈릭 버거 배달띠	1
화이트갈릭 버거 배달좀	1
화이트갈릭 버거 배달여	1
화이트갈릭 버거 배달영	1
화이트갈릭 버거 배달연	1
화이트갈릭 버거 배달용	1
화이트갈릭 버거 배달유	1
화이트갈릭 버거 배달좀요	1
화이트갈릭 버거 배달좀용	1
화이트갈릭 버거 배달좀여	1
화이트갈릭 버거 배달좀영	1
화이트갈릭 버거 배달좀융	1
화이트갈릭 버거 배달해줘	1
화이트갈릭 버거 배달해줘요	1
화이트갈릭 버거 배달해줭	1
화이트갈릭 버거 배달해조	1
화이트갈릭 버거 배달해줘용	1
화이트갈릭 버거 배달해줘연	1
화이트갈릭 버거 배달해줘여	1
화이트갈릭 버거 배달해줘염	1
화이트갈릭 버거 배달해주시오	1
화이트갈릭 버거 배달해주시요	1
화이트갈릭 버거 배달해주세요	1
화이트갈릭 버거 배달되는겨	1
화이트갈릭 버거 배달되는교	1
화이트갈릭 버거 배달을 원합니다	1
원한다 화이트갈릭 버거를 배달	1
화이트갈릭 버거 배달 커몬	1
화이트갈릭 버거 배달해종	1
화이트갈릭 버거 배달해죠	1
화이트갈릭 버거 배달이 가능한가요	1
화이트갈릭 버거 배달이 되나요	1
화이트갈릭 버거 배달이요	1
화이트갈릭 버거 배달이여	1
화이트갈릭 버거 배달이연	1
화이트갈릭 버거 배달이영	1
화이트갈릭 버거 배달이염	1
화이트갈릭 버거 배달입니다	1
화이트갈릭 버거 배달원해요	1
화이트갈릭 버거 집으로 보내줘	1
화이트갈릭 버거 집으로 배달요	1
화이트갈릭 버거 배달이 가능하오	1
화이트갈릭 버거 배달이 지금 되요?	1
화이트갈릭 버거 배달배달배달	1
화이트갈릭 버거 배달요	1
에그불고기 버거 배달요	1
에그불고기 버거 배달여	1
에그불고기 버거 배달연	1
에그불고기 버거 배달띠	1
에그불고기 버거 배달좀	1
에그불고기 버거 배달해줭	1
에그불고기 버거 배달해조	1
에그불고기 버거 배달해줘	1
에그불고기버거 배달용	1
에그불고기버거 배달해줘요	1
에그불고기버거 배달해줘연	1
에그불고기버거 배달해줘영	1
에그불고기버거 배달해줘여	1
에그불고기 버거 배달해주세요	1
에그불고기 버거 배달해주세여	1
에그불고기 버거 배달해주세연	1
에그불고기 버거 배달해주세영	1
주문가능한가요?	2
주문할게요	2
지금 주문할게요	2
싸이버거 2개 배달 주문할게요	2
싸이버거 주문이요~	2
주문 받아주세요	2
주문	2
주문한다	2
주문할거야	2
딥치즈버거 주문할게요	2
햄버거 주문 가능한가요?	2
주문 좀 받아주세요	2
주문 도와주세요	2
주문해도 되나요?	2
주문 가능?	2
손님왔다 주문받아라~	2
야 주문받아	2
통새우버거 2개 주문해줘	2
미리 주문할게요	2
30분 뒤에 찾으러 갈거 미리 주문할게요	2
점심시간에 햄버거 주문 가능합니까?	2
이따가 주문 가능?	2
저녁에 주문 가능한가요?	2
11시쯤 주문	2
자동 주문 넣어줘	2
지금 주문 가능?	2
내일꺼 지금 주문 가능?	2
바로 주문할게요	2
주문하는 법 알려줘	2
햄버거 좀 주문할게요	2
버거 주문 좀 받아주세요	2
주문 채팅입니다	2
주문하고싶어요	2
하고싶어 주문	2
카톡 주문 할게요	2
카톡으로 주문 할게요	2
딥치즈버거 주문하고파	2
인크레더블버거 주문할거야	2
주문할건데 화이트갈릭버거 3개	2
싸이버거 주문할게	2
통새우버거 주문	2
화이트갈릭 주문	2
딥치즈 주문	2
주문 딥치즈버거	2
주문 내용 싸이버거 3	2
주문 받아줄래?	2
주문 받아줘	2
햄버거 주문 받아줘	2
단체 주문할게요	2
딥치즈 3개 싸이버거 단품 5개 주문이요	2
아이 먹을거 주문할게요	2
화이트갈릭버거 3개 주문이요	2
딥치즈 3개 주문	2
딥치즈버거 단품 주문할게요	2
주문할건데요 싸이버거 단품이요	2
싸이버거 6개 주문 넣어주세요	2
싸이버거로 주문	2
싸이버거 10개 카톡 주문	2
싸이버거 주문 부탁해요	2
싸이버거 3개	2
딥치즈버거 4개	2
딥치즈 3개	2
싸이 단품 6개	2
딥치즈 단품 한개	2
딥치즈버거 두개	2
싸이버거 세트 3개	2
화이트갈릭 단품 	2
화이트갈릭버거 단품 	2
화이트갈릭버거 3개 	2
화이트갈릭버거 단품 5개	2
화이트갈릭버거 세트 두개	2
화이트갈릭 세트 1개	2
통새우버거 	2
통새우 3개 	2
통새우버거 한개	2
통새우버거 세트 하나	2
싸이버거 하나	2
싸이버거 단품 하나	2
두개 싸이버거 단품	2
한개 단품 싸이버거	2
두개 딥치즈 세트	2
딥치즈	2
싸이 단품 	2
싸이버거 단품 	2
싸이버거 6개 단품	2
인크레더블버거	2
인크레더블 단품	2
인크레더블 단품 한개	2
인크레더블 주문	2
인크레더블버거 주문	2
인크레더블버거 단품 하나	2
인크레더블버거 세트 1개	2
인크레더블 단품 하나 주문	2
인크레버들버거 세트 주문 1개	2
인크레더블버거 주문 단품 하나	2
인크레더블버거	2
인크레더블 하나	2
인크레더블	2
인크레더블버거 주문하고싶어요	2
통새우 하나	2
통새우 단품 하나	2
통새우 세트 둘	2
통새우버거 단품 1개	2
통새우 주문 1개	2
통새우 한개 주문	2
통새우버거 두개 주문	2
딥치즈 단품 	2
딥치즈버거	2
딥치즈버거 단품 	2
딥치즈버거 세트 하나	2
딥치즈버거 두개	2
딥치즈버거만 주문	2
딥치즈 주문	2
딥치즈버거 주문	2
딥치즈버거 세트 하나	2
딥치즈버거 세트 1개 주문	2
딥치즈 세트 한개	2
딥치즈버거 단품 5개	2
딥치즈 3개 	2
세트 딥치즈 3개	2
단품으로 딥치즈버거 2개	2
3개 딥치즈	2
한개만 딥치즈버거	2
화이트갈릭 한개	2
화이트갈릭버거	2
화이트갈릭	2
화이트갈릭 3개 	2
단품으로 화이트갈릭 하나	2
세트 화이트갈릭 	2
주문 화이트갈릭버거 단품 하나	2
주문할건데 통새우 3개요	2
주문 통새우버거 단품 1개	2
점심 주문 미리 하고싶어서 그러는데 싸이버거 3개 딥치즈버거 세트 2개요	2
예약주문 할건데 화이트갈릭버거 3개요	2
예약 주문 통새우버거 세트 3개	2
싸이버거 	2
싸이 단품	2
싸이버거만 	2
싸이버거 3개 	2
싸이 세트 하나	2
싸이버거 세트 예약 주문	2
싸이버거 단품	2
단품 싸이	2
단품으로 싸이버거 	2
단품 1개 싸이버거	2
단품 1 싸이	2
한개 통새우버거 	2
주문 받아주세요	2
햄버거 주문할게요	2
주문한거 이따 찾으러 갈게요	2
싸이버거 1개 주문	2
인크레더블버거 1개 주문	2
화이트갈릭버거 1개 주문	2
딥치즈버거 1개 주문	2
통새우버거 1개 주문	2
인크레더블버거 1개 주문할게요	2
화이트갈릭버거 1개 주문할게요	2
딥치즈버거 1개 주문할게요	2
통새우버거 1개 배달주문할게요	2
통새우버거 1개 인크레더블버거 2개 주문이요	2
통새우버거 1개 주문요청이요	2
인크레더블버거 1개 주문요청이요	2
싸이버거 1개 주문요청이요	2
딥치즈버거 1개 주문요청이요	2
화이트갈릭버거 1개 주문요청이요	2
모든 메뉴 하나씩 주문요청이요	2
모든 메뉴 하나씩 주문요청할게요	2
메뉴 하나씩 다 주문할게요	2
통새우버거 1개 주문하고 싶어요	2
싸이버거 1개 주문하고 싶어요	2
인크레더블버거 1개 주문하고 싶어요	2
화이트갈릭버거 1개 주문하고 싶어요	2
딥치즈버거 1개 주문하고 싶어요	2
통새우버거 1개 주문하고 싶은데요	2
싸이버거 1개 주문하고 싶은데요	2
인크레더블버거 1개 주문하고 싶은데요	2
화이트갈릭버거 1개 주문하고 싶은데요	2
딥치즈버거 1개 주문하고 싶은데요	2
아까 1시에 주문했었는데요	2
아까 2시에 주문했었는데요	2
아까 3시에 주문했었는데요	2
아까 4시에 주문했었는데요	2
아까 5시에 주문했었는데요	2
인크레더블 3개 주문	2
인크레더블버거 주문할래	2
인크레더블 주문 받아줘	2
지금 주문 받아줘요	2
이따가 주문할게요	2
인크레더블버거 주세요 단품으로	2
싸이버거 1개 주문요청이요	2
인크레더블버거 세트 3개	2
주문 받아주세요	2
인크레더블버거 3개 주문해요	2
통새우버거 단품 5개	2
주문가능한가요?	2
딥치즈 주세요	2
모든 메뉴 하나씩 주문요청	2
인크레더블버거 주세요 세트로	2
싸이버거 단품 3개	2
통새우버거 1개 주문하고 싶은데요	2
딥치즈버거 단품 3개	2
아까 8시에 주문했었는데요	2
싸이버거 2개 주문해요	2
화이트갈릭버거 2개 주문해요	2
통새우 주세요	2
주문 받아주세요	2
싸이버거 3개 주문해요	2
주문한거 이따 찾으러 갈게요	2
모든 메뉴 하나씩 줘	2
딥치즈 주세요 세트로	2
싸이버거 2개 주문할게요	2
모든 메뉴 하나씩 주문요청이요	2
통새우버거 세트 3개	2
싸이버거 단품 4개	2
모든 메뉴 하나씩 주문요청이요	2
화이트갈릭버거 세트 1개	2
싸이버거 1개 주문하고 싶어요	2
손님왔다 주문받아라~	2
싸이 주세요 단품으로	2
아까 5시에 주문했었는데요	2
통새우 한 개 주문이요! 이따 갈게요	2
화이트갈릭버거 세트 3개	2
인크레더블버거 단품 3개	2
인크레더블 주세요 단품으로	2
통새우버거 단품 1개	2
싸이 1개 주문요청이요	2
인크레더블 1개 주문할게요	2
아까 12시에 주문했었는데요	2
인크레더블버거 1개 주문	2
통새우 1개 인크레더블 2개 주문이요	2
딥치즈버거 단품 1개	2
통새우버거 세트 4개	2
주문할거야	2
통새우버거 주세요	2
통새우버거 한 개 주문이요! 이따 갈게요	2
통새우버거 3개 주문해요	2
싸이 주세요 세트로	2
주문해도 될까요?	2
통새우버거 1개 주문	2
딥치즈 주세요 단품으로	2
딥치즈버거 1개 주문	2
싸이버거 1개 주문하고 싶은데요	2
화이트갈릭버거 한 개 주문이요! 이따 갈게요	2
통새우 1개 줘	2
화이트갈릭버거 1개 주문하고 싶어요	2
아까 1시에 주문했었는데요	2
인크레더블 1개 주문	2
통새우버거 세트 1개	2
딥치즈 내놔	2
딥치즈버거 단품 2개	2
화이트갈릭 1개 주문	2
화이트갈릭버거 1개 주문요청이요	2
딥치즈 1개 주문	2
통새우버거 1개 인크레더블버거 2개 주문이요	2
딥치즈버거 1개 주문하고 싶은데요	2
싸이 내놔	2
아까 7시에 주문했었는데요	2
인크레더블버거 단품 4개	2
통새우버거 단품 4개	2
딥치즈버거 세트 3개	2
화이트갈릭버거 한개 이따 가져갈게요 주문받아주세요	2
화이트갈릭 한 개 주문이요! 금방 갈게요	2
통새우 1개 주문할게요	2
인크레더블버거 단품 2개	2
통새우버거 1개 주문요청이요	2
통새우버거 1개 주문하고 싶어요	2
주문 예약도 받나요?	2
싸이버거 단품 5개	2
딥치즈버거 세트 4개	2
통새우버거 1개 줘	2
모든 메뉴 하나씩 주문	2
딥치즈 1개 주문할게요	2
싸이 1개 주문할게요	2
딥치즈 1개 주문요청이요	2
딥치즈버거 주문할게요	2
화이트갈릭버거 세트 5개	2
주문한다	2
통새우 주세요 세트로	2
딥치즈버거 2개 주문해요	2
화이트갈릭버거 내놔	2
인크레더블버거 1개 주문하고 싶어요	2
싸이버거 단품 2개	2
인크레더블 1개 주문요청이요	2
화이트갈릭 내놔	2
인크레더블 주세요	2
화이트갈릭버거 주세요	2
딥치즈버거 3개 주문해요	2
인크레더블버거 세트 4개	2
화이트갈릭버거 주세요 단품으로	2
아까 2시에 주문했었는데요	2
아까 10시에 주문했었는데요	2
화이트갈릭 1개 주문요청이요	2
화이트갈릭 주세요 세트로	2
화이트갈릭 한 개 주문이요! 이따 갈게요	2
딥치즈버거 주세요 세트로	2
싸이버거 주세요	2
화이트갈릭버거 단품 3개	2
인크레더블버거 주세요	2
화이트갈릭버거 세트 4개	2
통새우버거 주세요 단품으로	2
아까 3시에 주문했었는데요	2
통새우버거 세트 2개	2
화이트갈릭 주세요 단품으로	2
싸이버거 세트 4개	2
통새우버거 단품 2개	2
아까 11시에 주문했었는데요	2
주문	2
햄버거 주문할게요	2
싸이버거 1개 줘	2
딥치즈버거 세트 5개	2
인크레더블 내놔	2
싸이 주세요	2
딥치즈 한 개 주문이요!  금방 갈게요	2
화이트갈릭 1개 주문할게요	2
싸이버거 세트 3개	2
같은걸로 주문할게요	2
주문받아주세요	2
딥치즈버거 세트 1개	2
주문 좀 받아주세요	2
인크레더블 1개 줘	2
지금 주문할게요	2
햄버거 주문 가능한가요?	2
주문 가능?	2
화이트갈릭버거 단품 1개	2
인크레더블버거 내놔	2
화이트갈릭버거 1개 줘	2
인크레더블버거 세트 1개	2
싸이버거 세트 1개	2
딥치즈버거 1개 주문요청이요	2
싸이버거 주세요 세트로	2
예약주문 할래요	2
딥치즈버거 내놔	2
화이트갈릭버거 3개 주문해요	2
모든 메뉴 하나씩 주문요청할게요	2
인크레더블버거 한 개 주문이요! 이따 갈게요	2
화이트갈릭버거 1개 주문하고 싶은데요	2
통새우 1개 주문요청이요	2
인크레더블버거 단품 1개	2
딥치즈버거 주세요	2
화이트갈릭버거 세트 2개	2
모든 메뉴 하나씩 주문요청할게요	2
화이트갈릭버거 1개 주문	2
딥치즈버거 단품 4개	2
화이트갈릭버거 1개 딥치즈버거 1개 주문이요	2
싸이버거 세트 2개	2
인크레더블버거 세트 2개	2
주문할게요	2
통새우 한 개 주문이요! 금방 갈게요	2
인크레더블버거 세트 5개	2
싸이버거 주세요 단품으로	2
인크레더블버거 1개 줘	2
인크레더블버거 1개 주문요청이요	2
싸이버거 단품 1개	2
화이트갈릭 1개 줘	2
아까 4시에 주문했었는데요	2
메뉴 하나씩 다 주문할게요	2
주문해도 되나요?	2
싸이 1개 줘	2
화이트갈릭 주세요	2
통새우버거 주세요 세트로	2
화이트갈릭버거 단품 4개	2
화이트갈릭버거 단품 5개	2
주문할테니까 잘 들어	2
싸이버거 세트 5개	2
인크레더블 주세요 세트로	2
저분들이 드시는걸로 똑같이 주문할게요	2
딥치즈버거 단품 5개	2
아까 6시에 주문했었는데요	2
화이트갈릭버거 주세요 세트로	2
주문 예약할래요	2
화이트갈릭버거 단품 2개	2
딥치즈 1개 줘	2
통새우버거 2개 주문해요	2
통새우버거 내놔	2
딥치즈버거 1개 주문하고 싶어요	2
딥치즈버거 주세요 단품으로	2
싸이버거 내놔	2
저 아까 주문했었는데요	2
딥치즈버거 1개 줘	2
인크레더블 한 개 주문이요! 금방 갈게요	2
통새우 내놔	2
주문 도와주세요	2
통새우 주세요 단품으로	2
저번에 맛있어서 또 주문하려구요	2
통새우버거 세트 5개	2
딥치즈버거 세트 2개	2
인크레더블버거 2개 주문해요	2
통새우버거 단품 3개	2
싸이버거 1개 주문	2
딥치즈버거 한 개 주문이요! 이따 갈게요	2
시간이 약이라는데 독이 되는거 같습니다. 좀 더 시간이 필요한 것 같네요.	3
시간이 지날수록 더 보고싶어 눈에서 멀어진 순간 기억에 의존해서 살아서 그럴 거예요.	3
시련 더 행복해지려고 하나봐요.	3
싫어 싫어하지 말아요.	3
쏘주 소주 한 잔.	3
씁쓸 헛헛하죠.	3
씁쓸하네. 제가 있잖아요.	3
아 잠수라니 상대방에 대한 예의가 없네요.	3
아. 상담 좀 해 줘 네. 알겠습니다.	3
아휴. 에휴.	3
어떡해야 될가? 무슨 일인지 말씀해주세요.	3
다코야키 주문문의요	3
다코야키 어떻게 하나요	3
햄버거 만드는 법 알려줘	3
맛있는거 줘	3
오늘의 뉴스 알려줘	3
확진자 수 	3
아니 어제 내가 술을 먹고 취했어	3
그 점에 전적으로 동의합니다.	3
상품 출시를 취소하는 것이 어때요?	3
그럴 수는 없을 것 같아요.	3
상품의 질이 생각했던 것보다 떨어져서 걱정입니다.	3
상품 출시를 미룹시다.	3
최근의 예산 제안서에 대한 당신의 의견은 무엇인가요?	3
대부분에는 동의하지만	3
해결해야 할 문제가 무엇인가요?	3
변동될 수 있는 상황에 대해서는 고려하지 않았어요.	3
북미지역에서 신차 판매실적이 좋지 않은 이유를 알고 있나요?	3
제 생각에 자동차의 크기 아닌가 싶어요. 북미 소비자들은 중형차를 선호하는 경향이 있어요.	3
전 그렇게 생각하지 않아요. 다른 경쟁사들의 큰 차종들은 더 잘 팔리고 있는 실정이에요.	3
그런 상황이라면 다양한 마케팅 전략을 시도해보는 것이 좋을 것 같군요.	3
혹시 해밍턴씨가 목요일에 있을 영업회의 시간에 맞춰 휴가에서 돌아올지 알고 계세요?	3
그녀의 휴가가 목요일에 끝나는 것으로 알고 있어요.	3
그러면 금요일에 사무실로 복귀할 거 같네요.	3
그렇게 하면 우리 모두 망하는거야	3
당신의 아이디어가 마음에 들어서 작업에 대한 최종 견적을 받고 싶어요.	3
공급업자로부터 우리가 원하는 세라믹 타일을 받을 수 있을지를 아직 기다리고 있어요.	3
만약 없으면 어떻게 되나요?	3
타일을 수입해야 해서 예산에 차이가 생길 거에요.	3
그쪽 제안을 들어볼까요?	3
저희는 현재 추세와 소비자의 선호도를 알아봐야 합니다.	3
시장조사를 하는 것에 대해 구체적으로 설명해주시겠어요?	3
더 자세히 말씀드리자면	3
유감스럽지만 저희는 최소한 한 달 필요합니다.	3
오늘 회의의 주제는 무엇인가요?	3
이번에 시행한 직원 임금 상승입니다.	3
알겠습니다. 어떤 점이 문제인가요?	3
임금 상승의 기준에 대해 논란이 많습니다.	3
생활 폐기물의 문제점이 무엇인가요?	3
수질오염을 일으키고 지구온난화를 촉진하고 연간처리비용이 많이 듭니다.	3
그렇다면 해결방안은 생각해보셨습니까?	3
물론이죠. 우선 광고로 사람들에게 심각성을 알려주는 것이 가장 중요하다고 생각합니다.	3
작년 자동차 업계 동향은 이처럼 나타났습니다. 	3
올해 자동차 업계는 어떤 예측이 가능한가요? 	3
올해에는 대형 세단의 약진을 예상하셔도 됩니다. 	3
그렇다면 올해에도 외국 회사들이 좋은 실적을 올리겠네요. 	3
외국 자동차 회사의 수익은 전년도보다 많이 상승했습니다. 	3
이번 분기까지의 수치를 말씀해 주실 수 있으신가요? 	3
상승 폭은 약 20%이며 대형 세단의 역할이 컸습니다. 	3
그 중에서 어느 국가의 회사가 실적이 제일 좋습니까? 	3
지금까지는 미국 회사들의 실적이 제일 좋습니다. 	3
그중에 혹시 평균 실적이 감소한 국가도 있나요? 	3
내일 팀 프로젝트는 온라인상에서 진행하기로 했어.	3
왜? 마지막 발표까지 얼마 남지 않았는데 만나서 하는 게 낫지 않을까?	3
이번 주 시험이 겹치는 팀원들이 너무 많아서 다들 힘들 것 같다고 하더라.	3
그건 핑계라고 생각해. 다음 주부터는 꼭 오프라인으로 진행하도록 하자.	3
이번 팀 프로젝트 과제 역할분담을 해보자.	3
그래. PPT 만들고 싶은 사람 있어?	3
나는 PPT보다는 발표에 자신이 있어.	3
그러면 나랑 톰이 PPT를 만들게 너는 발표를 해. 	3
나는 진로에 대해 아직 확신이 안 서. 	3
나도 마찬가지야. 내 전공의 적성에 맞는지도 잘 모르겠어.	3
이번 방학 때는 전과에 대해서도 생각을 좀 해봐야 할 것 같아.	3
그래. 우리 열심히 고민해보자. 	3
대학에 들어와서 제2외국어로 배우기 좋은 언어가 뭐가 있을까?	3
자기가 어떤 언어에 관해 관심이 있는지에 따라 다르지 않을까?	3
응. 너무 많아서 무엇을 선택해야 할지 모르겠어.	3
나는 이번에 일본어를 들으려고. 일본문화에 관심이 많아서.	3
너는 교환학생 갈 생각 있어?	3
아직은 잘 모르겠어. 하지만 막연하게 가보고 싶다는 생각을 하긴 해.	3
혹시 관심 생기면 나랑 같이 준비하지 않을래? 정보 얻을 수 있는 사이트 알려줄게. 	3
정말 고마워! 구체적으로 관심 생기면 연락할게. 	3
그래서 그렇게 열심히 적고 찍었구나. 오늘 온 식당 음식은 만족했어?	3
응. 그냥 가격 대비 괜찮은 식당이었던 것 같아. 가격이 저렴해서 좋은 것 같아.	3
우리 오늘은 뭐 먹을까? 해외에 있으니까 뭐를 먹을지도 매번 과제 같아.	3
오늘 우리 한식 먹을래? 해외에 있어도 항상 한식이 당기는 것 같아.	3
하지만 해외 한식당은 가격이 너무 비싸. 아니면 그냥 서양식은 어때?	3
오늘 서양식은 별로. 그럼 우리 따로 가서 먹고 오자.	3
여기 음식점이 지난번에 내가 집에 포장해 갔던 곳이야.	3
정말? 그 맛있는 꼬막을 파는 곳이 여기구나.	3
맞아. 벌써 소문나서 사람이 많은 것 봐. 예약하기를 잘했다.	3
그러게. 잘했어. 우리 오늘도 먹고 1인분 더 포장해가자.	3
여기 메뉴판에는 제육볶음이 제일 맛있다고 나와 있는데	3
나는 볶음류보다는 탕류가 맛있었던 것 같아. 물론 볶음도 맛있겠지만.	3
그럼 너 오늘 혹시 뭐를 시킬 예정이니? 탕과 볶음류 둘 다 맛보고 싶다.	3
그럼 내가 탕을 시킬게. 네가 제육볶음을 시켜. 그리고 서로 나눠 먹으면 되겠다.	3
오늘 식당은 정말 최악이었어. 왜 평점이 좋은지 이해가 안 가.	3
나도. 서비스도 안 좋았지만	3
나는 음식점에서 제일 중요한 부분이 위생이라고 생각하는데	3
아까 내 국물에서 머리카락 나온 거 보면 말 다 했지. 다시는 여기 오지 말자.	3
어제 오빠가 추천해준 식당 갔다 왔어요. 추천 정말 감사해요.	3
아니야. 그 식당 분위기 괜찮지? 부모님은 좋아하셨니?	3
네. 어제 아버지 생신이었는데 너무 좋아하셔서 덩달아 기분이 좋았어요.	3
다행이다. 다음에도 혹시 주변에 식당 추천이 필요하면 연락해. 	3
이곳은 사장님은 너무 별로지만 음식은 괜찮은 것 같아.	3
너무 공감해. 다음에는 그냥 이 식당에서 배달 시켜 먹자.	3
오 정말 좋은 생각이다. 이 식당도 배달이 되는지 일단 알아보자.	3
아마 될 거야. 지난번에 배달 가능하다는 문구를 본 것 같거든.	3
나 이번에 캄보디아 여행 가는데 혹시 현지식 추천해줄 곳이 있니?	3
엄청 많지. 내가 괜찮은 식당 정리해서 보내줄까?	3
그럼 나야 정말 고맙지. 급한 거 아니니까 너 한가할 때 해서 보내줘도 돼.	3
알겠어. 너 캄보디아 오면 하루 날 잡아서 같이 밥 먹자.	3
오늘 남자친구 생일이라 네가 지난번에 추천해준 식당 가려고 하는데	3
자리가 별로 없어서 무조건 예약해야 해. 그런데 다른 식당 가는 걸 추천할게.	3
불과 몇 달 전에 네가 엄청나게 추천해준 곳인데 왜 다른 식당을 추천하니?	3
최근에 그 식당 요리사가 바뀌었는데	3
오늘은 네가 주문 성공하고 내가 주문 실패했다.	3
오늘 내가 시킨 음식은 맛있었고	3
응. 다음에는 오면 네가 시킨 음식을 시켜 먹어야겠어.	3
날씨 좀 알려줘 봐	3
네. 그리고 바꿔주세요. 먹자마자 이상한 맛이라고 느껴질 거에요.	3
손님 죄송합니다. 아무래도 끓여서 잠깐 상온에 두는 과정에서 상한 것 같습니다.	3
이번에 나온 신메뉴입니다. 한번 맛보고 평가 부탁드립니다.	3
그냥 보기만 했는데도 군침이 도네요. 너무 맛있어 보입니다.	3
드셔보시고 솔직한 평가 부탁드려요. 그래야 음식 맛에 발전이 있다고 생각합니다.	3
물론이죠. 솔직하게 평가하겠습니다. 지금 한번 맛볼게요.	3
지난번에 맛봤던 메뉴는 아직 나오지 않은 건가요? 그거 너무 맛있었어요.	3
아직 재료에 관해서 가격 협의 중입니다. 재료 공급이 관건인 음식이라서요.	3
그렇군요. 잘 해결돼서 꼭 나왔으면 좋겠어요. 많은 사람이 맛봤으면 합니다.	3
그렇게 말씀해주시니 너무 힘이 되네요. 저도 꼭 많은 사람에게 선보이고 싶어요.	3
오늘 코스 요리 중에 디저트가 제일 맛있었던 것 같아. 또 먹고 싶다.	3
맞아. 빵이랑 초콜릿이 입에서 살살 녹았어. 그것만 따로 주문 가능한지 물어볼까?	3
응. 한번 물어봐 줄래? 만약 가능하면	3
응. 잠시만 기다려봐. 식당 매니저에게 물어보고 올게.	3
지난번보다 음식량이 적어진 것 같아. 그냥 내 느낌인가?	3
아냐. 나도 그렇게 느꼈어. 뭔가 그릇도 작아지고 음식량도 적어진 것 같아.	3
여기 적혀있다. 재룟값이 올라서 메뉴값을 동일하게 하는 대신 양을 줄였대.	3
그렇구나. 우리 아무래도 메뉴 하나를 더 시켜야 할 것 같아. 이걸로는 부족해.	3
너무 맛있다. 딱히 많은 양념이 들어간 것 같지 않은데 맛있는 것 같아.	3
그만큼 재료가 신선하다는 의미지. 재료가 신선하면 음식 맛이 더 맛있어지는 것 같아.	3
신선한 재료 공급을 위해 사장님이 매일 새벽에 수산시장에 나가신다고 들었어.	3
역시. 그런 노력이 있어서 이런 엄청난 성과를 이룰 수 있었다고 생각해.	3
저기요. 저희가 메뉴를 총 3개를 시켰는데 아직 하나가 나오지 않았습니다.	3
죄송합니다. 잠시 확인하고 오겠습니다. 조금만 양해 부탁드립니다.	3
주문이 안 들어간 건가요? 만약 그렇다면 그냥 취소 부탁드립니다.	3
정말 죄송합니다. 아무래도 직원분이 실수하신 것 같아요. 취소하겠습니다.	3
정말 오랜만에 방문해주셨습니다. 음식 맛은 어떠셨나요?	3
역시 여기 음식은 항상 맛있는 것 같아요. 양념이 약간 바뀐 것 같던데 맞나요?	3
네. 맞아요. 역시 미식가 입맛이라서 그런지 차이를 단번에 알아차리시네요.	3
여기 음식을 좋아하기 때문이죠. 바뀐 양념이 더 좋은 것 같아요. 더욱 완벽해졌습니다.	3
이번 주에 대리님 송별회가 있어. 근처 한우집으로 예약을 할까 하는데 어때?	3
그것도 나쁘지 않네. 일단 좀만 더 고민해보자.	3
엄청나게 좋은 소식이 있어. 빨리 너에게 공유하고 싶어.	3
네가 기뻐하니까 뭔가 엄청나게 좋은 소식인 것 같다.	3
우리가 예약한 호텔에 엄청 맛있는 뷔페가 있는데	3
정말? 지금 당장 가서 예약하자. 50% 할인이면 너무 파격적인 조건이야.	3
보내준 식당들을 보여주었더니	3
외국인이 가장 선호하는 식당이래. 아무래도 음식이 한국적이라서 궁금해하는 것 같아.	3
응. 그런데 듣기로는 빨리 예약해야 한다고 해서	3
내가 보내준 식당 리스트에 적혀있을 거야. 한번 찾아봐. 없으면 다시 연락해줘.	3
아무래도 오늘 가기로 한 식당은 취소해야 할 것 같아.	3
갑자기 무슨 일로? 내가 이번 주를 얼마나 기대했는데.	3
내가 장염이 너무 심하게 걸렸어. 어제도 온종일 병원에서 있었어.	3
그랬구나. 많이 심각하니? 네가 빨리 나았으면 좋겠어.	3
혹시 예약한 식당에 아기를 위한 의자나 식기류가 있을까?	3
글쎄. 그것까지 물어보지는 않았어. 지금 전화해볼까?	3
아냐. 내가 물어볼게. 있어야 우리가 편하게 먹을 수 있을 것 같아서.	3
응. 한번 물어봐. 그리고 차라리 방으로 달라고 하면 더 좋을 것 같아.	3
인원이 너무 많아서 아무래도 방을 2개로 나눠서 식당을 예약해야 할 것 같습니다.	3
그래요? 그럼 차라리 다 같이 있을 수 있는 다른 장소가 좋지 않을까요?	3
그럼 다시 한번 알아보겠습니다. 아무래도 그런 곳은 고깃집이나 중식당밖에 없을 거예요.	3
둘 중 다 같이 앉아서 먹을 수 있는 곳으로 알아봐 주세요.	3
정말? 그럼 오늘 한번 거기 가볼래? 가서 음식 먹어보자.	3
그런데 사람이 워낙 많아서 예약해야 할 거야.	3
어제 방송에 나온 맛집 우리 동네 근처인 거 알아?	3
정말? 어쩐지 입구나 도로가 익숙해 보였어.	3
너 오늘 시간 괜찮으면 나랑 같이 먹으러 갈래? 내가 예약을 했거든.	3
나야 너무 좋지. 그럼 오늘 퇴근하고 바로 그 식당으로 갈게.	3
안녕하세요. 오늘 8명 예약했는데 1명이 더 올 것 같습니다. 	3
죄송하지만 9명이 들어갈 수 있는 방은 없어요. 혹시 그냥 의자 자리로 드려도 될까요?	3
의자 자리는 불편해서요. 혹시 그럼 두 팀으로 나눠서 방으로 할 수 있을까요?	3
일단 예약 현황을 보고 말씀드릴게요. 2시간 이내로 전화드리겠습니다. 	3
보내주신 자료 잘 봤습니다. 너무 큰 도움이 될 것 같아요. 	3
별말씀을요. 도움이 되었다니 제가 더 영광입니다. 	3
혹시 괜찮으시다면 제가 오늘 저녁에 식사 대접해도 될까요?	3
저는 너무 영광입니다. 그럼 예약하신 식당 주소 보내주세요.	3
오늘따라 예약한 손님이 많은 것 같아요. 무슨 날인가요?	3
오늘 아마 중학교랑 고등학교 졸업식이라서 사람들이 많을 거야.	3
그래서 사람이 많군요. 어쩐지 꽃다발을 많이 들고 다니더라고요.	3
졸업식은 좋은 날이고	3
소세지 좀 삶아줘	3
나는 인터뷰하는 법과 어휘 능력을 향상시키고 싶어요.	3
말은 잘 통하지 않지만 내가 힘이 되어 주고 싶어.	3
내가 지금 하고 있는 아르바이트는 콘서트 스태프알바야.	3
항상 열심히 하는 Red Velvet이 되겠습니다.	3
이제 무얼 하고 무슨 생각을 해야 할지 모르겠어.	3
이런 말을 하는 나 자신이 너무 싫다 자존심도 상하고.	3
뭔가 더 말하고 싶은데 제 영어 실력이 부족하네요.	3
유아들은 하이파이브로 인해 더 적극적으로 활동에 참여해요.	3
이런 거 안 하는데 신기해서 하다가 너 때문에 결제했어.	3
저는 오늘 하늘이라는 주제로 여러분과 이야기하려고 합니다.	3
나는 이제 하노이에서 다른 여자를 만날 수 없어.	3
내가 오늘 종일 회의라서 메일 확인을 못 했어.	3
나는 일을 하느라 잠시 너의 메시지에 대답하지 못했습니다.	3
오늘 나는 종일 한국에 친구랑 통화했어요.	3
일단 방학을 하면 낮잠을 마음껏 자고 싶었는데 이젠 그럴 수 있다.	3
16 세 이하의 어린이는 사우나에 입장하실 수 없습니다.	3
내가 일을 하고 있어서 지금은 필리핀으로 못 가요.	3
나는 일을 해야 하므로 개별적 시간이 안 나.	3
나는 일을 하므로 밤 10시에 만날 수 있어.	3
내가 일을 하고 받는 돈으로 충분한 생활할 수 있습니다.	3
어떤 일을 하든 자신감 있게 할 수 있게 되었습니다.	3
나는 내가 하던 일을 인계해 주기 시작했습니다.	3
나는 당신하고 잠자리를 원하는 사람이 아닙니다.	3
나는 거의 하루에 열 시간은 수학을 위해 소비해요.	3
내가 잘 못 하지만 기본적인 의사소통은 가르칠 수 있어.	3
단지 내가 하고 싶은 말과 번역이 약간 다릅니다.	3
나도 내가 하고 싶은 걸 하고 원하는 방식으로 살고 싶어요.	3
오늘 내가 하고 싶은 이야기는 나의 목표에 관한 이야기입니다	3
너희가 준비하고 있는 시험이 어떤 것이 있니?	3
부평역 지하상가 2번 출구를 찾은 다음에는요?	3
나는 네가 하나님을 만났다는 것이 너무 행복해.	3
내가 제일 하고 싶은 말은 네가 야경을 꼭 봤으면 좋겠다는 거야.	3
저희 게스트하우스에 관심을 가져주셔서 감사합니다.	3
너와 함께 종일 지낼 생각을 하니까 매우 기분이 좋다.	3
카톡 하려던 게 술에 취해서 잘못 전화를 건 거야.	3
내가 일을 하지 않으면 내 가족에게 불행이 다가올 것입니다.	3
내가 말을 하지 않으면 너는 이상한 상상을 하게 되고 나를 오해하게 돼.	3
모든 걸 말하지 않아도 마음이 통하는 것 같아.	3
혼자 공부하는 것보다 학원에 다니는 게 나아.	3
이제 내가 하루 더 쉬게 되면 그때 만나서 밥 먹자.	3
작은 부분 하나하나 장인의 손길이 닿지 않은 것이 없습니다.	3
아직 시즌은 길고 날려 먹을 승점은 수도 없어.	3
그러는 너의 소중한 팀은 우승을 향하여 질주하고 있겠지?	3
아직 새 공격수가 팀에 적응을 못 하고 있을 뿐이야.	3
너희 팀은 결국 강등권에서 벗어나지 못하는군.	3
그러게 말이다. 어제 경쟁팀이 져서 기대했었는데.	3
너희는 근데 이번 주말에 무승부 아니였어?	3
승점은 동률이지만 상대 전적에서 밀려서 그렇지.	3
우리가 이길 거라고 친구들이랑 몇 명이 내기했어.	3
개인적으로 매우 무모한 결정이라는 생각이 드는데.	3
전력은 우리가 딸리지만 상대 팀이 우리한테 옛날부터 약해.	3
좋은 결과가 있기를 바란다. 따면 나 술이나 사줘.	3
우리가 결승까지 갈 거라곤 꿈에도 생각도 못 했어.	3
나도 그게 아직 믿어지지 않는다. 너무 행복해.	3
진짜 내 인생 최고의 결승전이었어. 너무 먹긴 했지만.	3
어제의 영광을 생각하면 이 정도 숙취쯤은 감내해야지.	3
오늘 우리의 그 멍청한 팀이 이겨서 너무 기분이 좋아.	3
진짜 얼마 만에 이겨 본 거냐. 한 달은 된 거 같아.	3
그 전 경기까지 16연패인가 찍었으니 거의 3주 정도 되지.	3
제일 바보들은 야구에서 3주 동안 못 이기는 팀을 응원하는 우리야.	3
우리 감독은 아무래도 자르는 게 좋을 것 같아.	3
내 생각도 좀 변화가 필요하다는 것은 인정한다.	3
임기 내내 삽질한 것만 생각하면 울화통이 터져.	3
하지만 리빌딩은 어느 정도 해놨으니 너무 뭐라고는 할 수 없지.	3
우리나라는 조별 예선에서 떨어졌는데 뭐가 재미있었냐?	3
그래도 16강 대진하고 결승전이 너무 재미있었잖아.	3
결승전이 희대의 명승부였다는 것은 나도 인정한다.	3
내 기억으로는 1998년 월드컵이 제일 재미있었어.	3
나는 그때 우리나라가 영혼까지 털린 것만 기억나는데.	3
그때 토너먼트부터 명승부가 많았어. 골도 많았고.	3
하긴 그때 우승 후보가 결승에서 박살이 났었지.	3
우리나라는 월드컵을 개최하기엔 리그가 너무 인기가 없어.	3
우리보다 훨씬 못하는 나라들도 리그 경기가 꽉꽉 차는 건 맞아.	3
내가 보기엔 아시아의 호랑이라는 수식어도 옛말이야.	3
아시안 컵 우승하는지도 반세기나 됐으니 맞는 말이야.	3
월드컵이 언제부터 시작했는지 아버지는 아시나요?	3
월드컵은 1930년대에 출범했으니 역사가 오래됐지.	3
그때는 지금이랑 진행 방식이 완전히 달랐겠네요.	3
네 말이 맞아. 참가국이 처음엔 10개도 안 됐었어.	3
한 달만 기다리면 월드컵 무대의 막이 오르겠군.	3
나는 솔직히 월드컵보다 유로가 훨씬 더 재미있어.	3
월드컵이 더 상징성이 큰 대회인데 넌 왜 그렇냐?	3
유로는 다들 실력이 비등비등해서 더 치열하거든.	3
친구랑 다음 월드컵 개막전 입장권을 사기로 했어.	3
진짜냐? 액수가 만만치 않을 텐데 네가 무슨 돈으로?	3
그래서 호주에 일 년 동안 워킹 홀리데이 하러 갈 거야.	3
너도 참 대단한 인간이다. 가서 뱀이랑 악어 조심하렴.	3
올해 월드컵 본선은 진짜 감동과 전율 그 자체였다.	3
특히 결승 후반에 터진 그 골은 진짜 대박이었어.	3
그 골 넣은 선수는 무조건 빅 클럽으로 가겠지?	3
나는 교통 혼잡을 피하고자 7시 쯤 출발합니다.	3
가족 없이 혼자 캐나다에 온 후 가족의 소중함을 느꼈어.	3
만약 내가 혼자 있을 때 고양이가 찾아왔으면 좋겠어.	3
내가 집에 혼자 있을 때 현관문 열리는 소리가 났어.	3
그날 나를 혼자 가게 할 거라고는 생각도 못 했어.	3
그때 저는 혼자 준비를 하기엔 너무 막막하였습니다.	3
나는 내 결혼식에 잘 보이기 위해 다이어트해요.	3
결국 그는 혼자서 송화와 전처의 아들인 동호를 키우게 됐어.	3
그는 내게 혼자 살게 만드는 장애물을 주셨어요.	3
그는 거의 혼자 집에 여섯 시간 동안 있었습니다.	3
만약 네가 혼자서 그것을 하면 앞에 사람이 재수가 없을거야.	3
친구가 나 혼자 가면 위험하다고 계속 따라오려고 해요.	3
난 나와 결혼하는 사람을 행복하게 해줄 자신이 있어.	3
전 남자친구 결혼식에 간다고 하면 디자이너들이 혼을 불태운다더라.	3
아름다운 결혼 생활을 하기 위해서는 세 가지가 필요한 것 같아요.	3
왜 당신이 혼란스러웠는지 저는 이해할 수 없습니다.	3
그런데 나 혼자 가는 게 싫어서 부모님과 친구들을 불렀어.	3
남자들은 결혼하기 위해서 신부에게 소를 선물로 보내야 합니다.	3
남자들이 결혼하고 싶어 하는 이유에는 어떤 것들이 있을까요?	3
싱글세란 결혼을 하지 않은 사람에게 특별히 걷는 세금입니다.	3
너희끼리 충분히 생각해 보고 너희들의 의견을 나에게 전달해 줘.	3
우리는 열심히 노력하고 있으니 기다려 주십시오.	3
그녀는 여전히 그에게 고마움을 느끼고 있었죠.	3
그녀는 마땅히 받아야 할 점수를 받지 못했어요.	3
그녀는 여전히 활발하고 많은 매력을 가지고 있어요.	3
저희도 여전히 수진이와 연락이 되지 않고 있어요.	3
우리는 충분히 설명한 끝에 고객을 설득할 수 있었어요.	3
우리는 여전히 필리핀에서 일이 어떻게 진행되는지 잘 몰라요.	3
머리는 여전히 혼란스럽고 하루종일 정신이 없네요.	3
우리는 단순히 돈을 벌기 위해서 이 일을 하는 것이 아니에요.	3
바둑은 굉장히 추상적인 요소들로 구성되어있는 활동이죠.	3
우리는 서서히 그것 들에 중독되고 있어요.	3
우리는 열심히 공부를 했고 결국 졸업을 했어요.	3
우리는 신속히 지급할 것을 삼성에게 요구하고 있어요.	3
저희는 분명히 3인분을 시켰는데 양이 너무 적어요.	3
저희는 분명히 밖의 메뉴 판에서 가격을 확인하고 왔어요.	3
오늘 댄스파티는 정말 최고였어요.	3
경찰 파트너 구해줄 수 있어.	3
나는 항상 파트너의 동의를 구했어요.	3
나는 내일 파티를 주관할 거예요.	3
나는 핼러윈 파티를 준비할 생각이에요.	3
그는 사실 파란색을 좋아하지 않아.	3
저의 꿈은 파티시에가 되는 거예요.	3
나의 차에서 파워 오일이 새고 있었어요.	3
당신 집은 파리 중심지에 위치하나요?	3
나는 사실 파란색을 좋아하지 않아.	3
의사가 초음파 날짜를 지정해 줬어요.	3
닭강정을 파는 곳이 어디에 있어요?	3
세 개의 알파벳으로 이루어진 단어.	3
1단계: 양파와 피망을 굵게 다지세요.	3
이 공원 근처에 가게가 있나요?	3
저희도 와이파이 비밀번호를 몰라요.	3
난 배가 고파서 한 식당을 들어갔어요.	3
이제부터는 팔레트로 포장 부탁드려요.	3
방에서 와이파이 사용하는 게 무료인가요?	3
거실 소파에 앉아서 영화를 봤어.	3
난 오늘 아파서 아무것도 못 먹었어.	3
미국은 집 파티 문화가 발달했어요.	3
당신은 당신의 길을 벗어날 거예요.	3
당신은 뮤즈의 매력에 빠질 것입니다.	3
한글은 우리의 자랑스러운 글자입니다.	3
이것은 한국의 궁을 찍은 사진이에요.	3
이것은 고객의 품질 요구 사항이에요.	3
학원은 학교의 보조 역할일 뿐이에요.	3
방법은 바다의 제물이 되는 것입니다.	3
오늘은 정글의 법칙을 보는 날이에요.	3
꼬챙이에 닭의 살코기를 꿴 것입니다.	3
왜냐하면	3
단순히 당신의 마음이 변한 거예요.	3
무인도에 적응을 빠르게 할 거예요.	3
또한	3
나 때문에 음식 만드느라 고생입니다.	3
외국인은 처음이라서 궁금할 뿐입니다.	3
왜냐하면	3
왜냐하면	3
왜냐하면 다음 미팅이 있어서예요.	3
매번 새 옷을 사는 것은 낭비예요.	3
우리집으로 와라	3
알겠습니다	3
저희가 주문하지 않은 음식이 나왔어요.	3
로제 파스타 주문하지 않으셨나요?	3
어제 기억 안나냐?	3
죄송합니다	3
기억하실지 모르겠는데 이 가게에서 생선을 샀는데요.	3
물론 기억하는데 생선에 뭔가 문제가 있으신가요?	3
제가 1킬로 달라고 했는데 집에 가져가 보니 900g 밖에 안됐어요.	3
그렇다면 보시는 앞에서 다시 저울에 달아보겠습니다.	3
어제저녁에 이 상점에서 고기를 사 갔는데요.	3
어제 오셨던 것 기억하긴 하는데 무슨 일이신가요?	3
저는 안심만 달라고 했는데 등심이 섞여 있어요.	3
제가 기억하기로는 제일 좋은 안심만 드렸는데 이상하군요.	3
주문 도와드릴게요	3
저희가 생각할 시간을 좀 주시겠어요?	3
주문할 준비가 되었나요?	3
아직 결정을 못 했어요	3
오븐에 익힌 오리고기인데 여러 가지 채소와 함께 제공됩니다.	3
여럿이서 먹을 수 있는 메뉴인가요?	3
여기서 무엇이 맛이 있나요?	3
여기에서는 해물 크림 파스타가 유명합니다.	3
그러면 해물  크림 파스타 하나랑 목살 스테이크 하나 주세요.	3
다른 건 필요하신 거 없나요?	3
토마토 파스타와 토마토 새우 파스타의 차이점이 무엇인가요?	3
새우 파스타는 새우가 추가되어 조금 더 풍부한 맛이 납니다.	3
그렇다면 토마토 새우 파스타 하나 추가로 주문할게요.	3
늦게 주문이 들어가서 다른 음식에 비해 늦게 나올 수 있습니다.	3
스테이크 세트가 있던데 무엇이랑 같이 나오나요?	3
식전에 빵이 나오고	3
샐러드 소스는 어떤 소스인지 알 수 있나요?	3
샐러드 소스는 유자 소스	3
제가 주문하려는 이 메뉴에 굴이 들어가 있나요?	3
굴은 안 들어있지만 다른 해산물이 들어가 있어요.	3
제가 굴에 알레르기가 있어서 다른 해산물은 괜찮아요.	3
다른 조개류는 괜찮으시단 말씀이죠?	3
기념품을 구매하려고 하는데 혹시 세금 면제가 되나요?	3
5만 원이 넘어야 세금 면제가 가능합니다.	3
그렇군요	3
다 합하면 45	3
이렇게 분무식 향수 3개	3
총 5만 원이 넘었기 때문에 여권 보여주면 세금을 면제해드립니다.	3
암살해버려	3
난 밥먹는다	3
닭갈비 ㅋㅋㅋㅋㅋㅋㅋ	3
밥먹어써?	3
운동갈 준비	3
라떼를 좋아합니다	3
이제 다들 주무시고 내일 아침 다시 화이팅 해보죠 ㅎㅎ	3
짧디 짧은 제 경험에선 못 봣었어서 여쭷습니당	3
기능이나 상황에 따라 프로시저 쓰면 신세계를 볼 수 있지요ㅋㅋ	3
저 들어왔습니다	3
공지읽어보시고 닉변부탁드릴게요	3
칼 같아야지	3
서울시 서초구로 가져와줘	3
오늘 점심 먹을거 좀 추천해줘	3
여행지 갈 만한 곳 알려줘	3
내일 날씨 알려줄 수 있을까?	3
걔가 먼저 시비를 턴거야	3
나 너무 외로운데 우리집으로 와 	3
내일 뭐할거냐   	3
어제 밤에 영화 보고 잤어    	3
이번주에 할 일이 많아   	3
내년에는 취업할 수 있을까?  	3
너는 부럽다.    	3
하고싶은게 많은 꼬맹이  	3
개새끼야    	3
시발새끼야  	3
병신이냐?   	3
말을 못알아 쳐먹어 왜   	3
말 좀 알아먹어봐    	3
개병신새끼  	3
니가 병신같이 하니까 시발새끼 소리를 듣는거야   	3
시발럼아    	3
장애인새끼  	3
장애가 있으면 맞아야지  	3
니미    	3
애미없냐    	3
대가리가 비었니?    	3
언제까지 어깨춤을 추게할거야    	3
마셔라 마셔라   	3
왜이렇게 늦게 오는거야  	3
